id,name,last_name,email,gender,country,company,programming_language,salary,date_of_employment
1,Irvin,Cullin,icullin0@bizjournals.com,Female,Belarus,Yata,C++,10469,10/9/2021
2,Arvy,Shenton,ashenton1@intel.com,Female,Peru,Skibox,JavaScript,10591,6/1/2020
3,Zack,Flew,zflew2@domainmarket.com,Male,China,Zoovu,Java,8911,9/25/2020
4,Hanna,Collinette,hcollinette3@blog.com,Female,Pakistan,Photobug,Python,15711,3/28/2021
5,Marissa,Hagan,mhagan4@ning.com,Male,Russia,Geba,C#,14410,3/16/2019
6,Lorrie,Morehall,lmorehall5@mashable.com,Male,Argentina,Plambee,C#,16161,7/22/2020
7,Roley,Clemmensen,rclemmensen6@nsw.gov.au,Male,Tajikistan,Skimia,PHP,5318,12/22/2020
8,Spencer,Grieveson,sgrieveson7@google.ca,Female,Ukraine,Demizz,JavaScript,12471,2/25/2021
9,Russ,Gavey,rgavey8@nytimes.com,Male,Austria,Yoveo,C#,9600,10/26/2020
10,Kingsly,Putnam,kputnam9@cbc.ca,Female,Afghanistan,Avamm,Java,13022,7/31/2021
11,Harriett,Whitbread,hwhitbreada@issuu.com,Female,Hungary,Devpulse,C#,13815,6/10/2020
12,Abrahan,Babb,ababbb@bing.com,Male,Russia,Kazio,JavaScript,8848,11/27/2021
13,Cirillo,Wylie,cwyliec@cocolog-nifty.com,Female,Indonesia,Jabbersphere,C#,15028,3/7/2021
14,Magdalene,Havile,mhaviled@cafepress.com,Male,China,Blognation,Python,5465,12/14/2020
15,Lindsy,Nanninini,lnannininie@wired.com,Male,Ukraine,Trunyx,C++,18557,6/1/2019
16,Dermot,Mulvany,dmulvanyf@blinklist.com,Female,Mexico,Blognation,C++,10862,3/18/2019
17,Stanly,Narramore,snarramoreg@drupal.org,Male,France,Jabbertype,Python,16145,5/18/2019
18,Kalindi,Iacabucci,kiacabuccih@businessweek.com,Male,South Africa,Jazzy,C++,17976,1/2/2021
19,Alphard,Leitche,aleitchei@pcworld.com,Female,China,Yodel,Python,17072,12/7/2019
20,Cleavland,Archell,carchellj@tiny.cc,Female,Peru,Voonix,PHP,13544,10/27/2021
21,Cesya,Macauley,cmacauleyk@apple.com,Female,China,Dabshots,C#,9593,7/2/2021
22,Winnah,Cayford,wcayfordl@ebay.co.uk,Female,Philippines,Camimbo,Java,13277,5/26/2021
23,Berty,Garratt,bgarrattm@edublogs.org,Male,Philippines,Quimm,JavaScript,15662,7/28/2021
24,Weston,Goodie,wgoodien@chicagotribune.com,Male,China,Dabvine,PHP,15190,11/1/2019
25,Allister,Blare,ablareo@is.gd,Male,Kuwait,Rhycero,Java,7738,7/24/2019
26,Alisander,Martinet,amartinetp@bbb.org,Female,Indonesia,Abatz,PHP,8766,3/3/2021
27,Sandor,Woodus,swoodusq@ask.com,Female,Poland,Topdrive,PHP,15514,9/22/2020
28,Estrellita,Newdick,enewdickr@cyberchimps.com,Female,Syria,Skyvu,JavaScript,10461,6/5/2019
29,Gilly,Stallworthy,gstallworthys@alibaba.com,Male,Bulgaria,Zazio,JavaScript,17423,10/8/2021
30,Dew,Grier,dgriert@fotki.com,Female,Brazil,Zoomzone,C#,9352,4/14/2021
31,Peterus,Futty,pfuttyu@springer.com,Male,Argentina,Zoonoodle,Python,10673,9/7/2020
32,Sharron,Niemetz,sniemetzv@php.net,Female,France,Browsezoom,Python,5707,11/24/2020
33,Merlina,Marlon,mmarlonw@businessweek.com,Male,China,Skipstorm,Python,17568,10/14/2020
34,Jen,D'Ambrosio,jdambrosiox@networkadvertising.org,Female,Indonesia,Yata,C#,16558,4/9/2020
35,Winona,Borrington,wborringtony@goo.ne.jp,Female,Ireland,Gigazoom,Python,12692,6/16/2021
36,Lawry,Levi,lleviz@1688.com,Male,France,Dabtype,PHP,5375,2/27/2019
37,Ignacius,Leahair,ileahair10@ox.ac.uk,Female,Azerbaijan,Dynava,JavaScript,6615,6/21/2019
38,Bethany,Simmonds,bsimmonds11@google.cn,Female,Canada,Leexo,C#,11155,10/6/2021
39,Stanly,Waeland,swaeland12@nba.com,Male,Sweden,Yambee,C++,5130,7/24/2020
40,Essie,Le Page,elepage13@blogspot.com,Male,Indonesia,Myworks,Java,19451,10/23/2020
41,Georges,Braghini,gbraghini14@mapy.cz,Male,Colombia,Zoonder,JavaScript,10661,3/8/2020
42,Karry,Duffyn,kduffyn15@globo.com,Male,China,Trudoo,Python,5034,7/8/2021
43,Ynez,McGilleghole,ymcgilleghole16@cafepress.com,Male,Russia,Riffpath,PHP,11498,3/27/2019
44,Norby,Sulland,nsulland17@businessinsider.com,Female,Greece,Fivebridge,C#,13288,6/15/2021
45,Sheridan,Tatters,statters18@auda.org.au,Male,Peru,Wikizz,Python,14622,11/10/2020
46,Mose,Orum,morum19@dailymotion.com,Female,Canada,Twiyo,PHP,15067,11/1/2019
47,Verena,Bearne,vbearne1a@narod.ru,Female,United States,Riffpath,JavaScript,13973,11/17/2019
48,Trace,Milksop,tmilksop1b@joomla.org,Female,Indonesia,Flashspan,Python,15043,10/24/2020
49,Sigrid,O'Currine,socurrine1c@miibeian.gov.cn,Male,Russia,Topicstorm,C++,19258,2/17/2020
50,Cort,Aslam,caslam1d@blogs.com,Male,Senegal,Eare,PHP,5804,8/16/2021
51,Nerta,Faircliff,nfaircliff1e@pagesperso-orange.fr,Female,Brazil,Wordpedia,Java,11039,5/11/2019
52,Eziechiele,Greenhowe,egreenhowe1f@issuu.com,Male,China,Buzzdog,Java,17165,5/15/2021
53,Wendye,Leng,wleng1g@cargocollective.com,Female,China,Thoughtbeat,C++,17531,12/13/2019
54,Eal,Rosiello,erosiello1h@cpanel.net,Male,Syria,Dynava,Java,8140,3/26/2021
55,Merna,Tuley,mtuley1i@plala.or.jp,Female,Madagascar,Mudo,Java,14980,5/17/2020
56,Evita,Prati,eprati1j@sohu.com,Female,Greece,Cogilith,C#,11911,6/23/2019
57,Meagan,Trower,mtrower1k@mozilla.com,Male,Portugal,Digitube,PHP,15949,7/27/2019
58,Maximilianus,Shingler,mshingler1l@nps.gov,Female,Indonesia,Fivechat,C#,6974,9/5/2019
59,Laurie,Falkus,lfalkus1m@rediff.com,Female,China,Meetz,Python,9708,4/8/2019
60,Monte,Kibby,mkibby1n@hhs.gov,Male,Bolivia,Flipbug,C#,16279,10/13/2021
61,Natala,Zambonini,nzambonini1o@webmd.com,Male,Gambia,Jatri,Python,15780,5/23/2020
62,Cherice,Tredget,ctredget1p@abc.net.au,Male,Poland,Thoughtblab,Java,17716,9/30/2020
63,Filia,Stampe,fstampe1q@aboutads.info,Female,China,Wikido,C++,10765,3/28/2020
64,Vitoria,Castanie,vcastanie1r@reverbnation.com,Male,Portugal,Feednation,C#,10428,7/9/2019
65,Husein,Proschke,hproschke1s@bing.com,Male,Nepal,Thoughtblab,C#,12263,1/11/2021
66,Rafaellle,Schreiner,rschreiner1t@dropbox.com,Male,Brazil,Wikivu,C#,7802,5/29/2020
67,Anthea,Farnham,afarnham1u@opensource.org,Male,China,Kwideo,Python,5522,11/19/2020
68,Penny,Ovitts,povitts1v@networkadvertising.org,Male,Pakistan,Voonix,JavaScript,7667,6/21/2020
69,Rafa,Yate,ryate1w@blogspot.com,Male,Ukraine,Abata,PHP,7817,5/19/2020
70,Adamo,Dunsmore,adunsmore1x@t.co,Male,Thailand,JumpXS,Python,16996,8/2/2021
71,Raimund,Alldread,ralldread1y@icq.com,Male,Philippines,Devpulse,C#,12734,3/23/2021
72,Alvis,Gouldeby,agouldeby1z@japanpost.jp,Female,Democratic Republic of the Congo,Layo,C++,18803,11/7/2020
73,Willis,Harbar,wharbar20@fotki.com,Female,China,Fanoodle,JavaScript,17809,10/17/2020
74,Colly,Klesse,cklesse21@paginegialle.it,Male,China,Babbleset,JavaScript,12528,7/26/2019
75,Vi,Jakobsson,vjakobsson22@plala.or.jp,Male,Brazil,Avavee,JavaScript,18197,10/3/2020
76,Analise,Cumberbatch,acumberbatch23@google.de,Male,China,Youspan,Java,14802,5/11/2019
77,Andie,Sweeten,asweeten24@chron.com,Female,China,Flashdog,JavaScript,11817,11/1/2020
78,Scottie,Smellie,ssmellie25@rakuten.co.jp,Male,Sweden,Mydeo,C#,17925,10/24/2019
79,Siward,Van der Beek,svanderbeek26@sun.com,Male,Brazil,Flipbug,C++,10422,3/10/2020
80,Seth,Beetles,sbeetles27@mit.edu,Female,Argentina,Twitternation,C++,7793,7/21/2020
81,Corrina,Beaudry,cbeaudry28@spiegel.de,Female,Argentina,Rhycero,Java,10445,9/26/2021
82,Kirbee,Schofield,kschofield29@scribd.com,Male,Indonesia,Dynazzy,PHP,7463,10/13/2020
83,Ilyse,Biers,ibiers2a@tripadvisor.com,Female,Mexico,Eire,Python,7371,10/21/2019
84,Barbabas,Harmon,bharmon2b@arstechnica.com,Female,China,Jamia,Python,10058,6/9/2020
85,Joana,Lalley,jlalley2c@sphinn.com,Female,Turkey,Quatz,JavaScript,9871,5/15/2019
86,Meriel,Shildrake,mshildrake2d@moonfruit.com,Male,Bosnia and Herzegovina,Dynazzy,C#,14227,4/7/2021
87,Mick,Candey,mcandey2e@wikispaces.com,Female,Peru,Eimbee,PHP,6840,5/18/2019
88,Arvy,Klimpt,aklimpt2f@themeforest.net,Male,Ukraine,Kwimbee,C#,5025,9/10/2019
89,Courtney,Rackam,crackam2g@blog.com,Male,Ukraine,Browsezoom,Java,19502,1/10/2020
90,Kev,Husk,khusk2h@blog.com,Male,Ireland,Linkbuzz,JavaScript,13652,11/19/2020
91,Constantina,Dallaway,cdallaway2i@java.com,Male,Japan,Edgewire,C++,13375,2/18/2019
92,Kenneth,Houlton,khoulton2j@nifty.com,Female,Thailand,Meetz,Java,10633,2/23/2020
93,Malynda,Gouldbourn,mgouldbourn2k@bravesites.com,Male,Latvia,Wordify,C++,11990,4/9/2021
94,Tuesday,Weldon,tweldon2l@blinklist.com,Female,Japan,Ntags,Java,10594,6/22/2021
95,Casey,Dallinder,cdallinder2m@nifty.com,Male,Paraguay,Eabox,C#,13887,7/6/2020
96,Jarrid,Poynor,jpoynor2n@jugem.jp,Male,China,Skipstorm,JavaScript,9340,5/15/2020
97,Jarrett,Derham,jderham2o@state.gov,Male,Japan,Zooxo,Python,10564,9/27/2021
98,Charmain,Wortley,cwortley2p@nifty.com,Female,Canada,Buzzster,C#,14924,8/4/2020
99,Reidar,Pudding,rpudding2q@un.org,Female,Mali,Twitterbeat,C++,11033,12/3/2019
100,Mandel,Beagan,mbeagan2r@msn.com,Male,Russia,Feedspan,JavaScript,5973,9/26/2019
101,Maurine,Courtois,mcourtois2s@networkadvertising.org,Female,Guatemala,Reallinks,C#,16914,4/15/2020
102,Doyle,Grose,dgrose2t@globo.com,Female,Tanzania,Bluezoom,C#,9337,11/24/2020
103,Henryetta,Gaynes,hgaynes2u@de.vu,Female,Indonesia,Blogspan,PHP,12544,8/21/2021
104,Federica,Edwicke,fedwicke2v@amazonaws.com,Male,China,Bubbletube,PHP,15273,8/24/2020
105,Upton,Broschek,ubroschek2w@epa.gov,Female,Czech Republic,Trupe,Python,11274,8/14/2020
106,Iolande,Ogelsby,iogelsby2x@acquirethisname.com,Female,Portugal,Livetube,C++,11266,6/14/2020
107,Felita,Ibotson,fibotson2y@ox.ac.uk,Female,Philippines,Feednation,JavaScript,9649,11/23/2019
108,Janelle,Gaunt,jgaunt2z@forbes.com,Female,Indonesia,Rhynoodle,PHP,17632,6/22/2019
109,Nathan,Cuttle,ncuttle30@csmonitor.com,Male,Philippines,Edgepulse,JavaScript,13744,4/9/2020
110,Tadd,Puden,tpuden31@lycos.com,Male,Russia,Livepath,PHP,12882,7/23/2020
111,Dorey,Sotworth,dsotworth32@seattletimes.com,Male,China,Leenti,PHP,15340,1/30/2020
112,Norman,Cregeen,ncregeen33@de.vu,Female,Peru,Shufflebeat,C#,19584,11/3/2021
113,Louie,Capstaff,lcapstaff34@canalblog.com,Female,China,Zoonder,PHP,14649,6/7/2021
114,Brice,Fullegar,bfullegar35@jimdo.com,Male,China,Thoughtstorm,C++,13896,10/3/2020
115,Gertruda,McLardie,gmclardie36@cdc.gov,Female,Czech Republic,Thoughtbridge,PHP,10786,10/25/2021
116,Aile,Grieswood,agrieswood37@moonfruit.com,Male,Honduras,Skyble,JavaScript,5296,3/4/2021
117,Cynthia,Allibon,callibon38@ask.com,Male,Czech Republic,Jayo,JavaScript,11585,11/26/2021
118,Teddie,Corriea,tcorriea39@oakley.com,Male,Peru,Realbuzz,C++,12419,1/2/2021
119,Lezlie,Whyman,lwhyman3a@nba.com,Female,Indonesia,Buzzdog,PHP,7539,6/14/2019
120,Lissa,Gilffilland,lgilffilland3b@phpbb.com,Male,China,Demivee,C#,16632,6/10/2021
121,Jaquith,Shinn,jshinn3c@github.io,Female,Philippines,Mydo,Java,18947,3/19/2020
122,Wynny,Pearson,wpearson3d@amazonaws.com,Female,China,Topicblab,JavaScript,8925,4/28/2020
123,Kaitlin,Andrzej,kandrzej3e@mayoclinic.com,Male,Kenya,Yacero,Python,11759,10/12/2020
124,Feliza,Osborn,fosborn3f@senate.gov,Male,Lithuania,Oyope,PHP,15063,1/5/2021
125,Mollie,Chettoe,mchettoe3g@npr.org,Female,China,Lazzy,JavaScript,8893,9/20/2019
126,Mona,McCobb,mmccobb3h@hugedomains.com,Female,Portugal,Kaymbo,Java,13599,6/5/2021
127,Nikolia,Meace,nmeace3i@storify.com,Male,China,Ntag,JavaScript,8256,10/11/2021
128,Cary,Tunnock,ctunnock3j@stumbleupon.com,Female,China,Bubbletube,Python,5611,3/27/2020
129,Osgood,Bannard,obannard3k@youtube.com,Female,Indonesia,Browsetype,Python,9867,10/21/2020
130,Oneida,Barnicott,obarnicott3l@merriam-webster.com,Male,Japan,Gevee,C++,10424,7/25/2020
131,Leone,Corish,lcorish3m@elegantthemes.com,Male,China,Zoomcast,PHP,9060,5/28/2021
132,Hunt,Lewer,hlewer3n@odnoklassniki.ru,Female,Argentina,Browsedrive,PHP,12650,1/10/2021
133,Darelle,Coales,dcoales3o@netscape.com,Male,Mauritius,Skaboo,JavaScript,8697,9/6/2021
134,Alexi,Lucy,alucy3p@twitter.com,Male,Egypt,Youbridge,JavaScript,13889,7/13/2021
135,Suki,Moorfield,smoorfield3q@shinystat.com,Female,China,Wikizz,Python,13641,8/12/2020
136,Issie,Fautly,ifautly3r@nih.gov,Male,Madagascar,Riffpedia,C++,7806,1/7/2020
137,Doro,Di Maria,ddimaria3s@flavors.me,Female,Indonesia,Quatz,C++,5648,8/15/2021
138,Gabriello,Hupka,ghupka3t@w3.org,Male,China,Brainbox,C#,16819,7/9/2020
139,Sybila,Hyne,shyne3u@geocities.com,Female,Eritrea,Skilith,JavaScript,11265,11/21/2020
140,Therine,Starsmore,tstarsmore3v@irs.gov,Female,Thailand,Tavu,PHP,6041,3/16/2019
141,Cullen,Crosswaite,ccrosswaite3w@ed.gov,Male,Indonesia,Devpulse,C#,7299,10/1/2020
142,Chadwick,Simoncello,csimoncello3x@bloomberg.com,Male,Greece,Quinu,C++,9277,8/21/2021
143,Bancroft,Sjollema,bsjollema3y@artisteer.com,Male,Panama,Lajo,PHP,13739,5/24/2019
144,Debor,Bahde,dbahde3z@sphinn.com,Male,Peru,Edgewire,JavaScript,15047,9/2/2019
145,Jan,Cancellor,jcancellor40@moonfruit.com,Female,Malawi,Quamba,PHP,16209,12/29/2020
146,Tessy,Salmen,tsalmen41@meetup.com,Female,Sweden,Zoonoodle,C#,7902,2/5/2019
147,Cecile,Gallo,cgallo42@odnoklassniki.ru,Female,Argentina,Topdrive,Python,8649,4/28/2019
148,Paul,Korneluk,pkorneluk43@sourceforge.net,Female,Poland,Agimba,JavaScript,8426,10/9/2020
149,Wilmar,Jackson,wjackson44@cornell.edu,Female,Portugal,Kamba,C#,10836,10/24/2020
150,Chelsea,Ewbanck,cewbanck45@sciencedaily.com,Male,Zambia,Rhyzio,C++,7042,8/11/2020
151,Brigitta,Stobbs,bstobbs46@printfriendly.com,Male,Sweden,Oyondu,JavaScript,14244,7/12/2020
152,Freddie,Quogan,fquogan47@rakuten.co.jp,Male,Philippines,Camido,JavaScript,18641,8/16/2020
153,Geordie,Murphy,gmurphy48@loc.gov,Male,Indonesia,Bubbletube,C#,11887,10/16/2021
154,Norman,Liversage,nliversage49@wufoo.com,Female,Indonesia,Jaxworks,C#,5003,12/28/2019
155,Diane-marie,Bertelmot,dbertelmot4a@naver.com,Female,China,Pixoboo,Python,11073,8/22/2021
156,Bourke,Keach,bkeach4b@washington.edu,Male,Ukraine,Jayo,Java,18947,7/20/2020
157,Ruth,Keller,rkeller4c@dailymail.co.uk,Male,France,Zoombox,JavaScript,9101,5/23/2020
158,Brion,Dellenbrok,bdellenbrok4d@freewebs.com,Female,South Sudan,Eabox,JavaScript,12832,4/19/2021
159,Araldo,Smedmore,asmedmore4e@hugedomains.com,Male,Indonesia,Agimba,Java,5573,8/18/2019
160,Belita,Paten,bpaten4f@elegantthemes.com,Female,Albania,Devcast,PHP,13726,12/22/2020
161,Eleanore,Saulter,esaulter4g@sourceforge.net,Female,Ukraine,Skyba,C#,16029,6/13/2021
162,Barnaby,Luter,bluter4h@gravatar.com,Male,Philippines,Lazz,Java,5916,10/30/2021
163,Dolly,Buddle,dbuddle4i@timesonline.co.uk,Female,China,Yodo,C#,18248,9/14/2020
164,Livvyy,Batram,lbatram4j@epa.gov,Female,Philippines,Vipe,C++,6736,10/19/2021
165,Steffane,Gregol,sgregol4k@freewebs.com,Male,China,Buzzdog,JavaScript,18825,10/17/2019
166,Norbert,Shambroke,nshambroke4l@soundcloud.com,Male,Kazakhstan,Brainsphere,PHP,9637,11/18/2021
167,Marne,Offin,moffin4m@taobao.com,Male,Greece,Wikibox,Python,18506,2/20/2019
168,Dickie,Verling,dverling4n@tinyurl.com,Male,Armenia,Kwilith,C#,11434,1/14/2020
169,Hobey,Bolsteridge,hbolsteridge4o@github.com,Male,Portugal,Zava,C++,15759,8/6/2019
170,Ferdinand,Gallichan,fgallichan4p@theguardian.com,Male,China,Chatterbridge,Java,6567,8/19/2020
171,Gardener,Pavlenko,gpavlenko4q@symantec.com,Male,Greece,Livetube,Python,19840,10/27/2020
172,Letitia,Piddle,lpiddle4r@prnewswire.com,Male,China,Fatz,JavaScript,6486,8/12/2021
173,Clareta,Brockelsby,cbrockelsby4s@123-reg.co.uk,Male,Russia,Twitterworks,C#,9608,7/14/2020
174,Lauralee,Ligertwood,lligertwood4t@mediafire.com,Male,China,Feedmix,Java,15844,7/23/2019
175,Carlyle,Boothman,cboothman4u@ezinearticles.com,Male,Peru,Buzzshare,PHP,18018,9/23/2019
176,Madelaine,Osborn,mosborn4v@seattletimes.com,Female,South Africa,Meemm,Python,14051,12/29/2020
177,Shelly,Holliar,sholliar4w@prlog.org,Male,Tanzania,Oyoyo,C#,10886,4/5/2021
178,Noemi,Ciobutaru,nciobutaru4x@hp.com,Female,China,Dabfeed,C++,14070,8/21/2021
179,Alexander,Siggin,asiggin4y@stanford.edu,Male,Greece,Realblab,C#,14227,4/29/2021
180,Ernestus,Loveitt,eloveitt4z@opensource.org,Female,China,Nlounge,C#,8464,9/16/2021
181,Humfrey,Bensusan,hbensusan50@netscape.com,Male,Poland,Trudoo,JavaScript,16632,7/22/2020
182,Aldo,Breakey,abreakey51@sbwire.com,Male,Mexico,Jatri,C++,8911,6/24/2020
183,Reece,Corselles,rcorselles52@ezinearticles.com,Female,China,Ainyx,C#,11873,2/18/2019
184,Erminia,Winckles,ewinckles53@paginegialle.it,Male,Bolivia,Roomm,PHP,11598,10/10/2020
185,Base,Pinhorn,bpinhorn54@wunderground.com,Male,North Korea,Yambee,C++,12996,10/15/2019
186,Tally,Yannikov,tyannikov55@posterous.com,Male,United States,Zooveo,JavaScript,18474,7/12/2020
187,Cristen,Carman,ccarman56@army.mil,Male,Finland,Blogtag,C++,12671,4/28/2019
188,Vickie,Burgane,vburgane57@live.com,Male,China,Kazio,JavaScript,16875,7/30/2020
189,Bobbette,Lillgard,blillgard58@bloglines.com,Male,Czech Republic,Eayo,Python,11579,2/16/2019
190,Gram,Scowcroft,gscowcroft59@bloomberg.com,Female,Finland,Livetube,Java,5419,10/31/2020
191,Dorie,Morfey,dmorfey5a@hugedomains.com,Female,Indonesia,Camimbo,Python,12822,12/15/2019
192,Avigdor,Arden,aarden5b@dion.ne.jp,Female,Indonesia,Lazzy,JavaScript,6620,3/12/2021
193,Keri,Djurisic,kdjurisic5c@stanford.edu,Female,Yemen,Ooba,C++,5302,2/4/2019
194,Geoff,Troni,gtroni5d@howstuffworks.com,Female,Bangladesh,Plajo,PHP,19762,5/8/2021
195,Jeane,Hunte,jhunte5e@liveinternet.ru,Male,Thailand,Yadel,Python,7416,10/14/2021
196,Fanechka,Penner,fpenner5f@uiuc.edu,Male,Argentina,Quimm,PHP,17216,9/1/2019
197,Marina,Courage,mcourage5g@geocities.com,Male,Colombia,Buzzshare,PHP,7648,10/21/2021
198,Zuzana,Jorez,zjorez5h@jalbum.net,Male,Thailand,Innojam,C#,12616,7/7/2019
199,Dory,Balderson,dbalderson5i@si.edu,Male,Pakistan,Eazzy,C++,15417,4/28/2021
200,Abba,Cud,acud5j@lycos.com,Male,Kazakhstan,Oyope,PHP,7322,2/5/2020
201,Zita,Gorner,zgorner5k@bloglovin.com,Male,Nigeria,Livepath,Java,18236,5/15/2019
202,Taddeo,Duffell,tduffell5l@arstechnica.com,Female,Brazil,Skyndu,Python,5903,3/11/2021
203,Ingra,Sandison,isandison5m@myspace.com,Male,Thailand,Skajo,C++,16690,5/2/2021
204,Salomi,Barton,sbarton5n@shop-pro.jp,Male,Russia,Wordify,C++,8763,12/31/2019
205,Maurizio,Favill,mfavill5o@histats.com,Female,Indonesia,Mynte,JavaScript,8490,2/28/2020
206,Faulkner,Salzberger,fsalzberger5p@odnoklassniki.ru,Male,Sweden,Skalith,Java,17930,11/29/2020
207,Ogden,Milton-White,omiltonwhite5q@army.mil,Female,France,Mydo,C#,18395,3/23/2020
208,Simone,Canedo,scanedo5r@i2i.jp,Female,South Africa,Wikizz,PHP,7883,7/18/2020
209,Douglass,Stubbington,dstubbington5s@tinyurl.com,Male,Brazil,Fiveclub,Java,9531,6/4/2019
210,Demetria,Kornyshev,dkornyshev5t@netlog.com,Female,Argentina,Voomm,Python,19893,10/6/2020
211,Stephi,Ferran,sferran5u@cocolog-nifty.com,Female,Russia,Quinu,JavaScript,18579,9/23/2021
212,Eveline,Pateman,epateman5v@shutterfly.com,Male,China,Aibox,JavaScript,15921,9/23/2021
213,Goldi,Spraberry,gspraberry5w@arizona.edu,Female,China,Fivespan,C#,6780,9/7/2020
214,Marie-jeanne,Kernocke,mkernocke5x@rakuten.co.jp,Male,Czech Republic,Yata,C++,9980,6/18/2020
215,Marisa,Comino,mcomino5y@discuz.net,Male,China,Rhycero,JavaScript,14310,11/11/2019
216,Karlen,Izchaki,kizchaki5z@nbcnews.com,Female,China,LiveZ,PHP,7129,6/10/2021
217,Risa,Pimlock,rpimlock60@youtu.be,Female,Mauritius,Innotype,PHP,13868,6/17/2019
218,Dorthy,Levett,dlevett61@thetimes.co.uk,Female,Philippines,Zoombeat,PHP,5645,8/31/2021
219,Garold,Chattey,gchattey62@examiner.com,Male,France,Jabbertype,PHP,9144,3/8/2020
220,Shaylynn,Oakinfold,soakinfold63@businesswire.com,Female,Georgia,Yambee,Java,13357,7/15/2019
221,Vivianna,Barg,vbarg64@fotki.com,Male,Indonesia,Kwideo,JavaScript,15174,9/2/2020
222,Lia,Salvage,lsalvage65@friendfeed.com,Female,Afghanistan,Flashpoint,Python,9572,10/2/2021
223,Velma,Rustadge,vrustadge66@ucoz.ru,Male,France,Feedspan,PHP,11086,3/13/2019
224,Giuditta,Mintoft,gmintoft67@mail.ru,Female,Sweden,Rhynoodle,PHP,19708,11/8/2020
225,Amity,Addy,aaddy68@sohu.com,Male,Nigeria,Yabox,C++,9095,7/25/2019
226,Judi,Garrioch,jgarrioch69@msn.com,Female,South Africa,Jetwire,C#,18277,11/27/2021
227,Alecia,Poker,apoker6a@globo.com,Female,Portugal,Skilith,PHP,16092,12/11/2019
228,Camala,Bastow,cbastow6b@so-net.ne.jp,Male,China,Meevee,C++,6343,11/22/2019
229,Dane,Tesdale,dtesdale6c@csmonitor.com,Male,Sweden,Fivechat,Java,11515,11/7/2021
230,Anastassia,Jeannon,ajeannon6d@cnn.com,Female,China,Tazzy,Python,8114,6/17/2019
231,Sybil,Fishenden,sfishenden6e@newyorker.com,Male,Russia,Fivechat,Python,9335,7/5/2019
232,Randolf,Dundin,rdundin6f@ebay.com,Female,Finland,Tagopia,C#,19575,3/25/2021
233,Janifer,Skully,jskully6g@nymag.com,Male,China,Skalith,C#,13028,11/27/2021
234,Caryn,Lghan,clghan6h@timesonline.co.uk,Female,China,Brainbox,Python,17718,1/30/2020
235,Pavla,Dengel,pdengel6i@360.cn,Male,France,Skyvu,PHP,19185,6/30/2019
236,Haskel,Padly,hpadly6j@amazon.de,Male,China,Linkbridge,Java,10057,3/2/2019
237,Danice,Shelly,dshelly6k@histats.com,Female,China,Wikizz,Python,5048,10/22/2021
238,Dalenna,Derrington,dderrington6l@house.gov,Female,United States,Oyope,PHP,5805,9/18/2021
239,Petronia,Heineken,pheineken6m@prlog.org,Male,Portugal,Photobean,JavaScript,9522,11/18/2021
240,Adel,Brugger,abrugger6n@aboutads.info,Female,Indonesia,Oyope,PHP,15612,11/17/2020
241,Hans,Koche,hkoche6o@netlog.com,Male,Serbia,Flipopia,C++,13181,11/27/2021
242,Dianna,Arnao,darnao6p@java.com,Female,Ukraine,Topicblab,Python,12749,5/24/2020
243,Clayson,Louw,clouw6q@fotki.com,Female,France,Eare,JavaScript,13622,10/27/2021
244,Launce,Goford,lgoford6r@europa.eu,Female,Macedonia,Zava,C++,15113,9/20/2019
245,Daven,Constable,dconstable6s@eventbrite.com,Female,Poland,Buzzdog,C++,18023,8/11/2019
246,Charmion,Doughtery,cdoughtery6t@house.gov,Female,China,Mybuzz,Java,14804,3/18/2020
247,Marchall,Pedycan,mpedycan6u@fastcompany.com,Female,Portugal,Fivebridge,Python,19271,7/13/2020
248,Coretta,Spreag,cspreag6v@wordpress.com,Male,Honduras,Voonte,C#,9667,3/16/2021
249,Persis,Mattecot,pmattecot6w@ihg.com,Female,China,Skimia,JavaScript,5607,10/3/2020
250,Estelle,McIlvaney,emcilvaney6x@163.com,Female,Afghanistan,Voonix,JavaScript,10946,4/28/2019
251,Claudio,Keenlyside,ckeenlyside6y@mediafire.com,Male,Tunisia,Divavu,Java,8540,12/4/2019
252,Gregory,Billett,gbillett6z@accuweather.com,Male,Poland,Centizu,Python,10097,6/18/2020
253,Helli,Fausset,hfausset70@auda.org.au,Female,Germany,Aimbo,PHP,13853,10/18/2021
254,Etty,Boxall,eboxall71@sciencedaily.com,Male,China,Babbleopia,Python,11688,9/23/2019
255,Teodoor,Medwell,tmedwell72@ameblo.jp,Female,China,Avamba,JavaScript,9072,5/24/2019
256,Melisande,Espinal,mespinal73@t-online.de,Male,France,Dynazzy,JavaScript,19940,9/6/2019
257,Aura,Lumley,alumley74@hatena.ne.jp,Male,Austria,Youfeed,C++,15171,7/4/2021
258,Erminie,Exell,eexell75@discovery.com,Female,Philippines,Jabbertype,C++,19486,11/20/2021
259,Mirabelle,McDonogh,mmcdonogh76@usgs.gov,Male,China,Jabbercube,C#,14486,7/30/2019
260,Caryl,Congdon,ccongdon77@123-reg.co.uk,Male,Slovenia,Bubblebox,C#,13572,2/23/2021
261,Alvinia,Bunnell,abunnell78@devhub.com,Male,Kenya,Realfire,C++,5714,8/31/2020
262,Reagan,Waddie,rwaddie79@friendfeed.com,Female,Palestinian Territory,Thoughtbridge,Python,11441,7/13/2021
263,Ardeen,Ellacott,aellacott7a@blogspot.com,Male,Portugal,Demivee,Java,6301,8/20/2019
264,Rollin,Collyer,rcollyer7b@deliciousdays.com,Male,Indonesia,Meemm,JavaScript,16824,5/20/2020
265,Barrett,McLucky,bmclucky7c@issuu.com,Female,Nigeria,Tekfly,JavaScript,6376,9/28/2020
266,Eleanora,Arp,earp7d@w3.org,Male,Poland,Oba,Java,8079,1/2/2021
267,Tammy,Fantin,tfantin7e@sogou.com,Male,Sweden,Mymm,C++,8922,6/10/2019
268,Homerus,Thor,hthor7f@discovery.com,Male,China,Gabtype,Java,17348,6/27/2021
269,Pren,Gori,pgori7g@example.com,Female,Portugal,Yabox,JavaScript,17182,10/19/2019
270,Corissa,Dell Casa,cdellcasa7h@etsy.com,Female,Serbia,Yacero,C++,17776,12/15/2019
271,Lanie,MacDearmid,lmacdearmid7i@paypal.com,Female,Peru,Photobug,Python,16397,11/28/2019
272,Merla,De Ferrari,mdeferrari7j@trellian.com,Female,China,Jaxspan,PHP,7817,4/20/2019
273,Julienne,Sallings,jsallings7k@wordpress.org,Female,Mexico,Shufflester,JavaScript,13463,9/24/2020
274,Dela,Critcher,dcritcher7l@bloglovin.com,Female,Indonesia,Zoombox,PHP,5559,7/27/2021
275,Donny,Struis,dstruis7m@chronoengine.com,Female,Greenland,Realcube,Python,12906,5/31/2020
276,Kamilah,Garfit,kgarfit7n@studiopress.com,Female,Pakistan,Twitternation,JavaScript,9675,6/4/2021
277,Tiff,Neaves,tneaves7o@bravesites.com,Male,Philippines,Muxo,Java,12265,7/17/2019
278,Tobye,Paddell,tpaddell7p@mail.ru,Female,Russia,Tagchat,Java,10871,9/28/2020
279,Leontine,Gobbett,lgobbett7q@bizjournals.com,Male,Indonesia,Babbleset,JavaScript,7389,10/5/2019
280,Gamaliel,Prydie,gprydie7r@printfriendly.com,Female,Yemen,Mynte,C#,17161,6/30/2020
281,Elsbeth,Duffer,eduffer7s@w3.org,Female,Portugal,Topicstorm,JavaScript,19596,12/5/2020
282,Clare,Babin,cbabin7t@boston.com,Male,Ecuador,Wikizz,C#,13964,1/15/2021
283,Fannie,Barttrum,fbarttrum7u@mediafire.com,Male,Poland,Ntag,PHP,6410,12/31/2020
284,Dell,Gudahy,dgudahy7v@nps.gov,Female,Comoros,Gigabox,C#,14515,3/6/2021
285,Claudio,Foggo,cfoggo7w@pbs.org,Female,United States,Cogidoo,C#,13887,8/27/2020
286,Annabelle,Ginger,aginger7x@uiuc.edu,Female,France,Skinder,Python,12813,10/29/2019
287,Ferrel,Windybank,fwindybank7y@prnewswire.com,Male,Colombia,Avavee,JavaScript,15464,7/9/2019
288,Evan,Priddey,epriddey7z@netscape.com,Male,Serbia,Realcube,JavaScript,10648,4/18/2021
289,Joycelin,Pinnigar,jpinnigar80@tinypic.com,Male,United States,Tekfly,C++,6358,12/6/2019
290,Ransell,Crossley,rcrossley81@usnews.com,Female,China,Mymm,Python,9860,1/21/2020
291,Jaquelyn,Duplock,jduplock82@wisc.edu,Male,China,Fatz,Python,18352,4/26/2019
292,Letisha,Ghent,lghent83@fc2.com,Male,Russia,Yakitri,JavaScript,8539,2/23/2019
293,Almeria,Middle,amiddle84@is.gd,Female,Luxembourg,Skippad,Java,12568,11/4/2019
294,Parsifal,Cowthart,pcowthart85@apache.org,Male,Cuba,Realfire,Python,6792,2/23/2019
295,Shandeigh,O'Day,soday86@odnoklassniki.ru,Female,Saint Lucia,Riffpedia,Java,6653,2/7/2019
296,Aldric,Reid,areid87@canalblog.com,Female,China,Yozio,Java,6040,10/10/2020
297,Tomlin,Carayol,tcarayol88@dropbox.com,Male,Moldova,Jaloo,PHP,6647,1/23/2021
298,Giffard,Keenleyside,gkeenleyside89@freewebs.com,Male,Slovenia,Quire,Java,18910,11/21/2021
299,Milzie,Skittrell,mskittrell8a@4shared.com,Male,Vietnam,Photobean,JavaScript,6616,5/15/2019
300,Shelley,Serris,sserris8b@macromedia.com,Female,Colombia,Fatz,C++,7863,10/24/2020
301,Shanon,Fraschini,sfraschini8c@hugedomains.com,Male,Russia,Trudeo,PHP,7830,2/19/2019
302,Ursa,Wynes,uwynes8d@redcross.org,Female,Russia,Devbug,JavaScript,16999,7/8/2020
303,Lorin,Grimsey,lgrimsey8e@disqus.com,Male,Philippines,Avamm,PHP,13608,7/19/2021
304,Crawford,Stanett,cstanett8f@latimes.com,Male,China,Mymm,PHP,14836,7/7/2021
305,Derry,Armor,darmor8g@1und1.de,Male,Afghanistan,Nlounge,Java,9760,9/4/2020
306,Morgen,Gounel,mgounel8h@nationalgeographic.com,Male,Indonesia,Yambee,C#,12222,12/30/2020
307,Carlye,Fencott,cfencott8i@pbs.org,Male,Belarus,Roodel,C#,9802,7/9/2021
308,Archambault,Whithalgh,awhithalgh8j@flavors.me,Female,Poland,Trilith,JavaScript,17426,7/26/2021
309,Joycelin,Vinck,jvinck8k@earthlink.net,Male,China,Zoonoodle,PHP,18318,2/12/2021
310,Farra,Laurenzi,flaurenzi8l@meetup.com,Female,Sweden,Twitternation,Java,6208,10/5/2019
311,Neil,Loeber,nloeber8m@wikimedia.org,Male,China,Voolia,JavaScript,11963,5/26/2020
312,Esta,Kenworthey,ekenworthey8n@foxnews.com,Female,Bolivia,Skibox,PHP,11003,4/3/2020
313,Hattie,Pydcock,hpydcock8o@blog.com,Male,China,Dynava,Java,17828,9/6/2021
314,Shantee,Leggon,sleggon8p@forbes.com,Female,China,Tazzy,JavaScript,15956,5/15/2021
315,Davine,Sansom,dsansom8q@blogs.com,Female,Russia,Jaxnation,JavaScript,14482,7/26/2021
316,Jamie,Esslement,jesslement8r@slashdot.org,Male,Indonesia,Browsecat,Java,13072,4/15/2020
317,Jaymie,Jollie,jjollie8s@edublogs.org,Male,China,Photolist,C++,16801,9/9/2020
318,Peria,Kluger,pkluger8t@miitbeian.gov.cn,Male,Ukraine,Bubblemix,Java,16029,2/20/2021
319,Correna,Mengue,cmengue8u@patch.com,Male,Canada,Dynazzy,JavaScript,18593,8/29/2021
320,Sephira,Guerri,sguerri8v@typepad.com,Male,China,Thoughtbridge,C++,8516,8/19/2019
321,Lin,Axe,laxe8w@woothemes.com,Female,China,Kwilith,Java,9799,6/26/2021
322,Sonnie,Trethowan,strethowan8x@google.ru,Male,China,Minyx,C++,6892,6/5/2019
323,Eve,Blazevic,eblazevic8y@amazon.co.uk,Female,Mexico,Skilith,Java,16372,3/12/2020
324,Xenos,Wasbey,xwasbey8z@hubpages.com,Male,Brazil,Babbleopia,PHP,14688,6/9/2019
325,Ingeberg,Meininking,imeininking90@twitter.com,Female,Vietnam,Twitterwire,PHP,10033,4/23/2021
326,Hasty,Friel,hfriel91@elegantthemes.com,Female,Malaysia,Flashset,PHP,12224,11/14/2021
327,Homer,Havis,hhavis92@yahoo.co.jp,Male,Morocco,Gabtype,Java,12621,6/25/2021
328,Tucker,Donaher,tdonaher93@nydailynews.com,Female,China,Kimia,JavaScript,15716,3/7/2021
329,Nanette,Mein,nmein94@chron.com,Male,Finland,Pixoboo,Python,15093,8/30/2021
330,Flossy,McMeeking,fmcmeeking95@twitpic.com,Female,China,Feedmix,Python,15994,10/6/2021
331,Keene,Joreau,kjoreau96@theglobeandmail.com,Female,Portugal,Edgepulse,C++,5739,5/9/2020
332,Rhys,Boughtwood,rboughtwood97@reference.com,Female,China,Blogspan,C++,10295,3/4/2020
333,Jorrie,Chaikovski,jchaikovski98@state.tx.us,Male,Mongolia,Nlounge,Python,12393,2/24/2020
334,Redd,Cagan,rcagan99@sohu.com,Female,Portugal,Ooba,Java,5632,4/11/2021
335,Isac,Abramov,iabramov9a@linkedin.com,Male,China,Rhynoodle,JavaScript,10372,10/24/2021
336,Maryjane,Sugden,msugden9b@amazon.co.jp,Male,Greece,Flashpoint,C#,12534,5/24/2019
337,Nikaniki,Bussey,nbussey9c@nifty.com,Male,Netherlands,Skyble,JavaScript,14442,9/11/2021
338,Devlin,Gulley,dgulley9d@google.co.uk,Female,Libya,Edgepulse,Java,5292,2/13/2019
339,Pam,Ashbey,pashbey9e@merriam-webster.com,Female,Indonesia,Vimbo,C#,16562,5/13/2019
340,Breena,Jeannet,bjeannet9f@army.mil,Female,China,Einti,C++,16652,2/16/2019
341,Emilio,Gronno,egronno9g@usda.gov,Male,Portugal,Pixoboo,Python,15708,11/25/2021
342,Eada,Filyukov,efilyukov9h@usatoday.com,Female,Thailand,Linktype,Python,15248,3/9/2020
343,Hersch,Hector,hhector9i@bizjournals.com,Male,Zambia,Skajo,Java,16993,5/3/2019
344,Estrellita,Canada,ecanada9j@cisco.com,Male,Argentina,Podcat,C++,6380,3/8/2021
345,Tomi,Stannas,tstannas9k@themeforest.net,Female,Russia,Yamia,C++,6515,5/31/2021
346,Nanette,Fanthom,nfanthom9l@shutterfly.com,Female,Canada,Tagpad,Java,19440,10/11/2020
347,Mirabelle,Matkin,mmatkin9m@huffingtonpost.com,Female,Canada,Feedmix,C++,12492,11/24/2020
348,Jamison,McMenamie,jmcmenamie9n@cmu.edu,Male,Australia,Abata,C++,6001,11/6/2021
349,Arturo,Terram,aterram9o@xinhuanet.com,Male,Syria,Yozio,C++,16717,5/16/2020
350,Lorraine,Halsey,lhalsey9p@marriott.com,Female,Canada,Buzzbean,Java,15146,2/13/2020
351,Florette,Cranmor,fcranmor9q@census.gov,Male,Indonesia,Mydeo,Python,6389,5/24/2019
352,Priscilla,MacShane,pmacshane9r@github.io,Female,Indonesia,Babbleopia,PHP,8248,12/11/2019
353,Amaleta,Rees,arees9s@webnode.com,Female,Austria,Skippad,PHP,7452,1/15/2021
354,Bili,Mattis,bmattis9t@fda.gov,Female,Indonesia,Wikibox,JavaScript,17861,11/13/2019
355,Glenna,Carreyette,gcarreyette9u@prlog.org,Female,Indonesia,Twitternation,JavaScript,18209,7/6/2020
356,Scotti,Fanthom,sfanthom9v@house.gov,Female,China,Topdrive,C#,7414,4/12/2021
357,Reidar,Silley,rsilley9w@jugem.jp,Female,Portugal,Kwimbee,C#,7578,10/12/2020
358,Isabelita,Danniell,idanniell9x@ibm.com,Male,Honduras,Trudoo,PHP,8671,4/13/2020
359,Janeva,Pfertner,jpfertner9y@nature.com,Male,Philippines,Linkbuzz,Java,12162,11/5/2020
360,Elbert,Prydie,eprydie9z@omniture.com,Male,Indonesia,Zava,C++,19364,6/1/2019
361,Danna,Tomlinson,dtomlinsona0@businesswire.com,Male,Canada,Yakitri,Java,19140,7/29/2021
362,Chiquita,Klimkiewich,cklimkiewicha1@google.es,Male,China,Abata,Java,17434,5/12/2021
363,Damaris,Spittall,dspittalla2@reuters.com,Male,Indonesia,JumpXS,Java,12762,2/25/2019
364,Mead,Greally,mgreallya3@goodreads.com,Male,Poland,Oyonder,C#,14742,8/18/2021
365,Abby,Benedtti,abenedttia4@51.la,Female,Russia,Quinu,Python,14174,8/12/2021
366,Alister,Rizziello,arizzielloa5@storify.com,Male,Indonesia,Vipe,Java,15897,10/7/2019
367,Saloma,Demange,sdemangea6@europa.eu,Female,Sweden,Fliptune,PHP,17634,3/28/2020
368,Vasili,Foukx,vfoukxa7@ed.gov,Male,Greece,Zoomlounge,PHP,15638,6/4/2021
369,Roscoe,Coorington,rcooringtona8@time.com,Male,China,Mymm,Java,19428,6/11/2020
370,Kathryn,Burnsyde,kburnsydea9@blogspot.com,Male,Mexico,Livepath,C#,12952,11/11/2021
371,Kissee,Vreiberg,kvreibergaa@drupal.org,Male,Guatemala,Topicstorm,Java,16393,9/19/2021
372,Caspar,Strewther,cstrewtherab@geocities.jp,Male,Philippines,DabZ,Python,14011,10/28/2020
373,Lenora,Noad,lnoadac@hubpages.com,Female,Jamaica,Youtags,C#,8832,1/19/2021
374,Lambert,Sandyford,lsandyfordad@dedecms.com,Female,Sweden,Voonte,Java,5678,7/11/2019
375,Pammie,Bramford,pbramfordae@cam.ac.uk,Female,Sierra Leone,Photojam,C#,13660,4/6/2021
376,Northrop,Stalley,nstalleyaf@fda.gov,Female,China,Skinix,C++,7241,10/11/2021
377,Jemimah,Duesbury,jduesburyag@nymag.com,Male,Indonesia,Dabtype,C#,13135,6/12/2021
378,Rutger,Whiff,rwhiffah@mozilla.org,Female,Madagascar,Trupe,Java,16341,1/15/2020
379,Torey,Keveren,tkeverenai@shinystat.com,Male,United States,Quinu,PHP,6545,5/29/2019
380,Dora,Trevon,dtrevonaj@sun.com,Female,China,Flashset,C#,5887,8/14/2020
381,Gibb,Sindell,gsindellak@nhs.uk,Female,Japan,Thoughtbridge,Java,18817,7/24/2021
382,Stormie,Sabbatier,ssabbatieral@accuweather.com,Male,Guatemala,Trudeo,PHP,19243,9/1/2019
383,Clementine,Minnette,cminnetteam@princeton.edu,Female,Jamaica,Kwimbee,JavaScript,7533,7/6/2020
384,Harli,Deer,hdeeran@hhs.gov,Female,Russia,Meevee,Java,11728,6/2/2020
385,Aurie,Lanfare,alanfareao@comsenz.com,Male,China,Twitternation,JavaScript,10487,7/5/2021
386,Nara,Davidsohn,ndavidsohnap@amazon.co.jp,Female,Peru,Midel,JavaScript,7366,2/11/2021
387,Junia,Busch,jbuschaq@hexun.com,Female,Sweden,Cogidoo,Python,9940,11/25/2019
388,Blanche,Messruther,bmessrutherar@bing.com,Female,Canada,Zooxo,C#,9826,11/18/2021
389,Keir,Ambler,kambleras@google.com,Male,United States,Brightbean,C#,18834,3/21/2020
390,Sandor,Hewkin,shewkinat@wikimedia.org,Male,Ukraine,Edgeclub,Java,6951,11/5/2021
391,Rafa,Dicte,rdicteau@sun.com,Female,Argentina,Topicware,JavaScript,11198,9/9/2020
392,Heloise,Roughan,hroughanav@eepurl.com,Female,Estonia,Gabtype,C#,5589,8/28/2020
393,Bradford,Treuge,btreugeaw@princeton.edu,Male,Czech Republic,Flipstorm,C++,17416,5/11/2019
394,Em,McGivena,emcgivenaax@who.int,Female,Indonesia,Gigazoom,JavaScript,15821,10/6/2019
395,Wilbur,Hellmer,whellmeray@time.com,Male,Russia,Zooxo,C++,13756,11/17/2019
396,Pail,Shreenan,pshreenanaz@g.co,Male,China,Wikizz,PHP,14086,8/28/2020
397,Emmott,Cornthwaite,ecornthwaiteb0@pbs.org,Male,Belarus,Edgeify,C#,9483,2/13/2020
398,Consuela,Goodship,cgoodshipb1@wisc.edu,Female,Philippines,Bluejam,Python,5129,9/19/2021
399,Konrad,Uttridge,kuttridgeb2@shareasale.com,Male,China,Demimbu,Java,11697,7/26/2019
400,Mortimer,Fitzsymon,mfitzsymonb3@ucoz.ru,Female,China,Quatz,PHP,19700,10/29/2019
401,Ross,Massenhove,rmassenhoveb4@i2i.jp,Male,Czech Republic,Mymm,Python,10024,1/16/2020
402,Darryl,Tumility,dtumilityb5@cocolog-nifty.com,Male,Senegal,Dabtype,Java,8974,7/15/2019
403,Sula,McPhate,smcphateb6@fastcompany.com,Female,Russia,Talane,C#,6526,7/8/2019
404,Inga,Carlesso,icarlessob7@bloomberg.com,Female,Russia,Realmix,Python,17011,9/8/2021
405,Filberto,Heugle,fheugleb8@msu.edu,Male,Philippines,Mydeo,C#,11240,4/14/2019
406,Celie,McEllen,cmcellenb9@narod.ru,Male,Philippines,Wikizz,PHP,18927,4/2/2021
407,Noah,Starbucke,nstarbuckeba@google.co.uk,Male,France,Viva,C++,8561,6/21/2021
408,Lauren,Le Grys,llegrysbb@sciencedaily.com,Female,Ukraine,Fatz,Java,11902,11/29/2021
409,Cassi,Mowlam,cmowlambc@hubpages.com,Male,Sweden,Skyvu,Python,13010,9/7/2020
410,Angel,Whithorn,awhithornbd@fema.gov,Female,Sweden,Linklinks,JavaScript,10141,8/16/2021
411,Lilian,Carding,lcardingbe@phoca.cz,Male,Indonesia,Tavu,Python,5831,2/14/2021
412,Fallon,Baldrick,fbaldrickbf@psu.edu,Female,Nigeria,Buzzbean,Java,5631,11/29/2021
413,Giacomo,Raddenbury,graddenburybg@wikia.com,Female,Papua New Guinea,Bluezoom,JavaScript,17810,12/20/2020
414,Gayleen,Tripett,gtripettbh@eepurl.com,Female,Mexico,Fivespan,JavaScript,8157,11/27/2019
415,Mathian,Burnage,mburnagebi@ameblo.jp,Female,Brazil,Zoombox,C++,18341,8/1/2021
416,Bentlee,Fiddy,bfiddybj@example.com,Male,Russia,Jabberbean,Python,13227,5/4/2019
417,Abbie,Keen,akeenbk@webs.com,Male,Croatia,JumpXS,JavaScript,12457,2/12/2020
418,Harold,Carrier,hcarrierbl@squarespace.com,Female,Indonesia,Thoughtstorm,C++,16493,7/25/2021
419,Mick,Luke,mlukebm@ameblo.jp,Female,Philippines,Jabbersphere,C#,10727,2/15/2021
420,Giacinta,Fishburn,gfishburnbn@i2i.jp,Male,Sweden,Thoughtsphere,PHP,15660,7/9/2021
421,Saree,Bertolin,sbertolinbo@infoseek.co.jp,Female,Philippines,Feednation,C#,12724,7/14/2020
422,Bink,Kidds,bkiddsbp@rakuten.co.jp,Male,Indonesia,Yakidoo,C++,14956,7/16/2020
423,Patti,Axon,paxonbq@examiner.com,Male,United Arab Emirates,Divape,C#,18049,9/7/2021
424,Loren,O'Shea,losheabr@godaddy.com,Female,Zimbabwe,Brainlounge,C#,18214,5/29/2020
425,Millicent,Blackhurst,mblackhurstbs@cmu.edu,Male,Poland,Twitternation,Python,19559,8/11/2020
426,Eachelle,Stegell,estegellbt@over-blog.com,Male,Indonesia,Flashspan,Java,18375,7/22/2020
427,Hattie,Woonton,hwoontonbu@npr.org,Male,Tanzania,Tavu,Java,12693,8/5/2021
428,Katalin,Colmer,kcolmerbv@youtu.be,Female,Indonesia,Skinte,PHP,11582,10/30/2019
429,Lombard,Mapes,lmapesbw@arizona.edu,Female,Jordan,Ooba,Python,12038,5/2/2021
430,Rachael,Teaze,rteazebx@rakuten.co.jp,Male,China,Teklist,C#,8715,2/26/2020
431,Luigi,Vedenisov,lvedenisovby@moonfruit.com,Male,Greece,Tekfly,PHP,9821,5/6/2021
432,Zacharie,Gilkes,zgilkesbz@ezinearticles.com,Male,China,Tavu,C#,16830,4/9/2021
433,Aubree,Monson,amonsonc0@istockphoto.com,Female,Portugal,Meeveo,Java,13573,6/3/2021
434,Lucien,Branchet,lbranchetc1@globo.com,Female,Indonesia,Fiveclub,Python,12838,3/22/2019
435,Dionis,MacCosto,dmaccostoc2@nps.gov,Female,Vietnam,Meeveo,C++,14192,11/30/2019
436,Donica,Kenford,dkenfordc3@zdnet.com,Male,Russia,Divape,C++,10380,11/1/2020
437,Petey,McNerlin,pmcnerlinc4@disqus.com,Female,Iraq,InnoZ,C++,12781,2/17/2021
438,Mile,Sheardown,msheardownc5@skype.com,Male,China,Fivespan,Java,12759,5/19/2021
439,Gracia,Broadist,gbroadistc6@t-online.de,Female,Philippines,Jayo,Java,15981,4/20/2021
440,Clemens,Ramage,cramagec7@dailymotion.com,Male,Indonesia,Kwilith,Java,9067,9/10/2021
441,Caron,Metterick,cmetterickc8@pcworld.com,Female,United States,JumpXS,C++,8623,3/28/2020
442,Patty,Zamudio,pzamudioc9@nhs.uk,Male,United States,Skajo,JavaScript,12862,10/28/2021
443,Avis,Plumbe,aplumbeca@mozilla.org,Male,Greece,Gigazoom,JavaScript,13159,10/31/2021
444,Neda,Kynge,nkyngecb@sogou.com,Female,China,Photolist,Python,14788,2/10/2020
445,Ricca,Eates,reatescc@prnewswire.com,Female,Morocco,Wikizz,PHP,10347,10/2/2020
446,Ellissa,Allam,eallamcd@skype.com,Male,Russia,Janyx,Java,13225,11/3/2020
447,Codie,Fowle,cfowlece@infoseek.co.jp,Female,Brazil,Tanoodle,C#,10348,6/5/2020
448,Ebony,Celloni,ecellonicf@tuttocitta.it,Male,Costa Rica,Blogtags,JavaScript,8396,12/19/2019
449,Bethena,Erratt,berrattcg@de.vu,Male,China,Skilith,JavaScript,17025,8/29/2021
450,Odetta,Truitt,otruittch@auda.org.au,Female,Ukraine,Yakijo,Python,7312,5/23/2019
451,Audre,Pickin,apickinci@cisco.com,Male,Philippines,Kwideo,JavaScript,18516,12/15/2020
452,Coral,Casewell,ccasewellcj@weebly.com,Male,Indonesia,Skinder,Python,6861,9/19/2020
453,Lewie,Laurance,llauranceck@woothemes.com,Female,Indonesia,Lazzy,PHP,11347,10/25/2021
454,Allissa,Gasson,agassoncl@mapquest.com,Female,Russia,Yadel,C#,13393,8/16/2021
455,Abbey,Maruszewski,amaruszewskicm@china.com.cn,Female,Indonesia,Livetube,Python,17789,8/6/2021
456,Tully,de Mendoza,tdemendozacn@accuweather.com,Female,Iran,Divavu,PHP,13099,9/16/2020
457,Dayna,Aimable,daimableco@indiatimes.com,Female,Philippines,Mymm,Java,18287,6/30/2020
458,Erroll,Fomichkin,efomichkincp@microsoft.com,Female,Argentina,Devshare,C++,15653,12/7/2019
459,Willyt,Toyne,wtoynecq@slideshare.net,Female,China,Podcat,Python,10992,1/10/2021
460,Marlie,Cleeve,mcleevecr@blogs.com,Male,Russia,Voonte,Java,6099,1/7/2020
461,Flss,Hallwood,fhallwoodcs@blogspot.com,Male,Japan,Youopia,Java,11800,12/26/2020
462,Randolf,Bassano,rbassanoct@simplemachines.org,Female,Colombia,Youspan,JavaScript,16153,2/13/2019
463,Colette,Gniewosz,cgniewoszcu@shutterfly.com,Female,Pakistan,Wordware,Java,9646,10/22/2021
464,Petrina,McKeeman,pmckeemancv@vk.com,Male,Japan,Tavu,Java,13616,9/26/2020
465,Dedra,Realph,drealphcw@chicagotribune.com,Female,Indonesia,Yodo,Java,18520,11/23/2021
466,Ruggiero,O'Kenny,rokennycx@163.com,Male,Portugal,Fivebridge,Java,7126,6/16/2019
467,Cymbre,Perllman,cperllmancy@g.co,Female,Burundi,Wikizz,Java,6936,1/31/2021
468,Tammara,MacNamee,tmacnameecz@google.nl,Male,United States,Avavee,C++,18989,4/17/2021
469,Raynell,Poveleye,rpoveleyed0@deliciousdays.com,Male,Colombia,Trudoo,PHP,6089,2/10/2021
470,Warner,Simkovitz,wsimkovitzd1@shinystat.com,Female,Norway,Eadel,Java,9722,2/27/2020
471,Kimmy,Roddick,kroddickd2@csmonitor.com,Female,Belarus,Myworks,JavaScript,15541,11/8/2021
472,Stearn,McDonagh,smcdonaghd3@statcounter.com,Male,Russia,Zooxo,C#,17932,11/3/2020
473,Ryley,Delhay,rdelhayd4@senate.gov,Female,Croatia,Zooveo,C#,8528,7/24/2021
474,Chloris,Silvester,csilvesterd5@etsy.com,Male,Ethiopia,Gigaclub,C#,18405,10/20/2021
475,Celie,Roullier,croullierd6@prweb.com,Male,China,Livepath,PHP,5358,10/2/2021
476,Marco,Gensavage,mgensavaged7@acquirethisname.com,Female,China,Kanoodle,PHP,9263,4/29/2019
477,Eba,Mackleden,emackledend8@fc2.com,Male,China,Rhybox,JavaScript,12323,6/28/2021
478,Agatha,Tallet,atalletd9@archive.org,Female,Colombia,Twitterlist,C#,16548,5/6/2021
479,Nicolea,Tebbut,ntebbutda@hexun.com,Male,Thailand,Skibox,PHP,16691,3/23/2020
480,Christan,Alfwy,calfwydb@un.org,Male,Russia,Browsecat,C++,11393,5/28/2021
481,Rikki,Sibbson,rsibbsondc@so-net.ne.jp,Male,Russia,Skinix,C++,17880,2/4/2019
482,Welbie,Pipping,wpippingdd@tmall.com,Female,"Bonaire, Saint Eustatius and Saba ",Trilia,JavaScript,6431,12/10/2020
483,Freida,Yeowell,fyeowellde@whitehouse.gov,Female,Puerto Rico,Linklinks,Python,16855,11/4/2020
484,Palm,Ruggier,pruggierdf@usgs.gov,Female,Russia,Jazzy,Python,14448,10/22/2020
485,Falkner,Derill,fderilldg@51.la,Male,Serbia,Brainsphere,C++,19917,9/29/2021
486,Annmarie,Allright,aallrightdh@nifty.com,Female,Indonesia,Edgewire,C++,11517,6/11/2021
487,Iolande,Humbell,ihumbelldi@wikia.com,Female,Indonesia,Wordtune,PHP,13025,3/12/2019
488,Dotty,Huxtable,dhuxtabledj@nasa.gov,Female,China,Kaymbo,C++,18503,2/4/2019
489,Rhys,Jellman,rjellmandk@deviantart.com,Male,China,Linkbuzz,C#,19998,3/16/2019
490,Hermia,Gibbs,hgibbsdl@tinyurl.com,Female,Brazil,Livetube,C++,6434,5/12/2020
491,Ianthe,Heustace,iheustacedm@exblog.jp,Female,Norway,Kanoodle,Java,19699,7/5/2019
492,Ignatius,Clunan,iclunandn@unicef.org,Female,Indonesia,Skipstorm,Java,8062,3/22/2019
493,Rosalynd,Tingley,rtingleydo@jugem.jp,Female,Sweden,Avamba,JavaScript,13125,3/20/2019
494,Frederique,Peachment,fpeachmentdp@phoca.cz,Male,Panama,Podcat,PHP,13222,8/26/2019
495,Brittany,Syred,bsyreddq@intel.com,Female,Philippines,Youtags,Python,12971,3/12/2020
496,Kerr,Winslow,kwinslowdr@wordpress.org,Male,Malaysia,Mydo,JavaScript,16583,9/9/2019
497,Doll,Duchenne,dduchenneds@sohu.com,Female,Ukraine,Midel,JavaScript,8011,3/11/2021
498,Will,Danilyak,wdanilyakdt@vkontakte.ru,Female,Armenia,Thoughtblab,PHP,19838,1/18/2021
499,Fleming,Mascall,fmascalldu@meetup.com,Female,Peru,Brightbean,C#,9252,3/18/2020
500,Dugald,Goseling,dgoselingdv@miibeian.gov.cn,Female,Indonesia,Brainverse,Python,13446,7/25/2021
501,Jerald,Aireton,jairetondw@ask.com,Male,Philippines,Dynazzy,Java,7260,1/15/2020
502,Cris,Casella,ccaselladx@aol.com,Female,China,Skipfire,Python,15428,9/9/2021
503,Olympe,Birdis,obirdisdy@paginegialle.it,Male,Bangladesh,Dynabox,JavaScript,6976,3/10/2019
504,Hatti,Haggidon,hhaggidondz@wikispaces.com,Female,Macedonia,Digitube,JavaScript,15539,1/20/2021
505,Fiann,Stoggell,fstoggelle0@so-net.ne.jp,Female,Nigeria,Quatz,C++,17777,3/14/2019
506,Ardath,Haggarty,ahaggartye1@youku.com,Male,Japan,Minyx,C#,11464,4/5/2021
507,Rocky,Heymann,rheymanne2@hexun.com,Male,China,Flashset,Java,12607,3/22/2021
508,Heath,Hulbert,hhulberte3@symantec.com,Female,Indonesia,Tanoodle,C++,14968,6/6/2019
509,Iggie,Flatt,iflatte4@instagram.com,Male,China,Skyvu,PHP,15024,7/16/2020
510,Flemming,Menloe,fmenloee5@gravatar.com,Female,Indonesia,Myworks,C++,12117,5/20/2019
511,Karole,Fearnyough,kfearnyoughe6@instagram.com,Male,Latvia,Jaxnation,Java,14920,4/10/2021
512,Tiffie,Tibols,ttibolse7@bizjournals.com,Female,Indonesia,Einti,JavaScript,6742,9/8/2020
513,Bendite,Fransseni,bfranssenie8@photobucket.com,Male,Philippines,Blogtags,Java,19670,3/31/2021
514,Shurwood,Frenchum,sfrenchume9@usgs.gov,Male,China,Thoughtstorm,JavaScript,11196,10/18/2019
515,Kariotta,Baselio,kbaselioea@sourceforge.net,Female,China,Blogspan,C#,19939,1/30/2021
516,Jacquelin,Seid,jseideb@ox.ac.uk,Male,China,Meejo,Python,15447,3/16/2021
517,Kerrin,Shand,kshandec@surveymonkey.com,Female,Laos,Eayo,C++,15575,9/8/2019
518,Melli,Loch,mloched@meetup.com,Male,Peru,Skajo,JavaScript,17262,6/15/2019
519,Roman,Townsley,rtownsleyee@dedecms.com,Male,Eritrea,Shufflebeat,C#,17309,6/1/2019
520,Jack,Creddon,jcreddonef@yellowbook.com,Female,Colombia,Browsecat,C#,14416,1/24/2021
521,Karoline,Yankishin,kyankishineg@google.co.jp,Male,Portugal,Miboo,Python,7293,6/6/2020
522,Ario,Fedoronko,afedoronkoeh@mashable.com,Male,China,Riffpedia,Java,5834,3/29/2020
523,Hiram,Bangle,hbangleei@istockphoto.com,Female,Finland,Latz,C++,15515,2/1/2020
524,Clo,Devonald,cdevonaldej@woothemes.com,Male,Indonesia,Bubblebox,JavaScript,19803,10/20/2021
525,Jaymee,Cheverell,jcheverellek@gmpg.org,Male,Thailand,Realmix,C#,11523,8/16/2021
526,Kari,Napleton,knapletonel@wikia.com,Female,Iceland,Myworks,JavaScript,11848,11/14/2020
527,Leonard,Scampion,lscampionem@imdb.com,Female,United Kingdom,Devify,Java,9491,7/29/2019
528,Madge,Ledingham,mledinghamen@accuweather.com,Male,Colombia,Voolia,JavaScript,9952,12/5/2020
529,Dill,MacDuffie,dmacduffieeo@ning.com,Female,Argentina,Meevee,C#,10209,4/22/2019
530,Starlin,Burgot,sburgotep@spiegel.de,Female,China,Yotz,PHP,19725,3/22/2020
531,Roda,Vanelli,rvanellieq@yandex.ru,Female,Brazil,Meejo,Java,17042,2/29/2020
532,Drusie,Cumming,dcumminger@opera.com,Female,Indonesia,Wikido,JavaScript,12596,8/3/2019
533,Horst,Myhan,hmyhanes@businessweek.com,Male,China,Riffpedia,C++,14319,8/4/2020
534,Ingra,Forstall,iforstallet@stanford.edu,Male,China,Vidoo,PHP,15518,8/15/2019
535,Jan,Bownd,jbowndeu@princeton.edu,Female,Canada,Dabjam,JavaScript,15138,7/5/2020
536,Abran,Ygou,aygouev@symantec.com,Female,China,Bubblebox,PHP,17501,8/2/2019
537,Scot,Neilands,sneilandsew@sun.com,Female,Philippines,Jabbersphere,Python,16031,11/21/2021
538,Farand,Meeke,fmeekeex@toplist.cz,Female,China,Bluejam,PHP,19696,11/3/2020
539,Kathlin,Carlos,kcarlosey@example.com,Female,China,Tanoodle,C#,8704,9/17/2020
540,Judy,Conrard,jconrardez@studiopress.com,Male,Poland,Cogilith,C++,8857,3/30/2020
541,Worden,Pywell,wpywellf0@privacy.gov.au,Female,Costa Rica,Rhycero,PHP,19037,2/10/2020
542,Justinn,Burtwell,jburtwellf1@about.com,Male,France,Skyndu,Java,17081,5/17/2021
543,Armin,Chiverstone,achiverstonef2@hatena.ne.jp,Male,China,Tambee,C++,16167,1/31/2021
544,Sib,Tousey,stouseyf3@disqus.com,Female,Russia,Thoughtstorm,JavaScript,17613,1/26/2020
545,Keriann,Yashin,kyashinf4@macromedia.com,Female,Mexico,Bluezoom,Python,5969,9/27/2021
546,Fayre,Shortan,fshortanf5@squidoo.com,Female,Indonesia,Wikizz,C#,14206,7/6/2019
547,Simona,Jarvie,sjarvief6@google.de,Female,Portugal,Mynte,PHP,14555,8/1/2019
548,Cull,Tancock,ctancockf7@sphinn.com,Female,Egypt,Topicblab,JavaScript,14609,4/17/2020
549,Mady,Isakowicz,misakowiczf8@dailymail.co.uk,Female,Russia,Realbuzz,Python,8349,2/24/2019
550,Justin,Real,jrealf9@engadget.com,Male,Brazil,Miboo,Python,15810,2/15/2021
551,Pete,Tullis,ptullisfa@1688.com,Male,China,Topiczoom,JavaScript,19654,2/10/2019
552,Patrice,Dunnan,pdunnanfb@meetup.com,Male,Ukraine,Skilith,PHP,15811,11/27/2020
553,Dorree,Willcock,dwillcockfc@studiopress.com,Male,South Africa,Oyoyo,C++,5804,10/1/2019
554,Kelcie,Petran,kpetranfd@tamu.edu,Male,Iran,Zoomcast,PHP,12512,5/19/2021
555,Astra,Cowdrey,acowdreyfe@europa.eu,Male,Portugal,Riffpedia,C++,7134,6/9/2020
556,Denna,O' Dornan,dodornanff@bloglovin.com,Female,Russia,Ntags,Python,7106,12/4/2019
557,Cole,Tinkham,ctinkhamfg@xing.com,Female,Madagascar,BlogXS,JavaScript,8767,12/2/2020
558,Pierson,Collip,pcollipfh@wikispaces.com,Female,Vietnam,Realblab,Java,16666,6/15/2019
559,Vito,Croall,vcroallfi@ehow.com,Female,China,Mymm,C++,7176,7/31/2020
560,Sawyere,Trimmill,strimmillfj@plala.or.jp,Male,Poland,Realblab,Python,6218,7/5/2019
561,Dov,Kittow,dkittowfk@upenn.edu,Male,Philippines,Tavu,PHP,13076,9/26/2021
562,Roy,Learoid,rlearoidfl@accuweather.com,Male,China,Oyondu,Python,14185,9/30/2019
563,Heda,Glyde,hglydefm@mit.edu,Female,Indonesia,Trilia,JavaScript,14181,5/6/2019
564,Ulises,Bonnet,ubonnetfn@biblegateway.com,Female,China,Ntags,C++,8093,6/28/2021
565,Crissie,Cordingley,ccordingleyfo@phpbb.com,Male,China,Gigaclub,JavaScript,6099,1/24/2020
566,Daile,O'Nolan,donolanfp@vistaprint.com,Male,Sri Lanka,Realmix,Python,12668,2/9/2019
567,Monah,Brugden,mbrugdenfq@hp.com,Male,Syria,Babbleset,Java,11753,2/24/2019
568,Kylie,Ride,kridefr@weather.com,Female,Ecuador,Trilia,C++,7840,6/4/2020
569,Onfroi,Lomen,olomenfs@utexas.edu,Female,Japan,Mycat,Python,6800,6/22/2019
570,Antonella,Ilett,ailettft@toplist.cz,Female,Mongolia,Rooxo,Java,14487,2/26/2021
571,Nydia,Simner,nsimnerfu@wikia.com,Male,Philippines,LiveZ,PHP,15439,8/18/2021
572,Hamlen,Ragat,hragatfv@marketwatch.com,Female,China,Ailane,Java,12267,11/20/2021
573,Vania,Mingo,vmingofw@google.ca,Female,Greece,Mydo,PHP,5703,8/27/2021
574,Torrance,Croysdale,tcroysdalefx@webnode.com,Male,Indonesia,Mycat,C#,9925,6/24/2020
575,Pepito,Minton,pmintonfy@rediff.com,Female,Zambia,Eare,JavaScript,7554,10/14/2021
576,Ash,Axe,aaxefz@ovh.net,Female,Ireland,Minyx,Java,17020,2/23/2020
577,Jamima,Delve,jdelveg0@imgur.com,Female,Brazil,Wordify,C#,18186,2/2/2021
578,Alethea,Allett,aallettg1@japanpost.jp,Male,Indonesia,Cogilith,Java,11351,5/11/2020
579,Myer,Nassie,mnassieg2@cnbc.com,Male,Brazil,Abata,Java,18716,4/23/2020
580,Constancy,Briand,cbriandg3@blinklist.com,Female,Thailand,Photolist,Java,5265,4/30/2021
581,Dillie,Basant,dbasantg4@a8.net,Female,China,Zoonder,C++,14460,8/19/2021
582,Audy,Balmer,abalmerg5@skyrock.com,Female,Yemen,Einti,Java,13341,9/24/2020
583,Robbie,Merrywether,rmerrywetherg6@deviantart.com,Male,Philippines,Tanoodle,C#,11219,4/26/2019
584,Margarete,Grewer,mgrewerg7@skyrock.com,Male,Argentina,Voonte,Python,18962,8/30/2020
585,Quinn,Fine,qfineg8@comsenz.com,Male,Argentina,Babblestorm,Java,18923,5/16/2021
586,Deanna,Kidson,dkidsong9@aol.com,Male,Dominican Republic,Leenti,PHP,10318,11/24/2019
587,Belvia,Pecht,bpechtga@go.com,Female,China,Lazzy,JavaScript,16450,7/29/2019
588,Albertina,Phillpot,aphillpotgb@oaic.gov.au,Female,China,Fiveclub,C++,18682,9/20/2021
589,Bink,Fritchley,bfritchleygc@dyndns.org,Female,Indonesia,Quatz,JavaScript,6047,10/29/2019
590,Neal,Jellman,njellmangd@bloglovin.com,Female,Ukraine,Miboo,C++,6662,9/12/2020
591,Titus,Stoll,tstollge@feedburner.com,Male,Vietnam,Kanoodle,Python,12341,8/12/2021
592,Jephthah,Manon,jmanongf@ca.gov,Female,Palestinian Territory,Riffpath,JavaScript,17746,7/5/2019
593,Rois,Batrip,rbatripgg@canalblog.com,Male,France,Fivebridge,C++,12477,10/29/2019
594,Claire,Decker,cdeckergh@t.co,Female,Bangladesh,Brightdog,Java,6629,8/16/2021
595,Berky,Baudassi,bbaudassigi@ox.ac.uk,Male,Canada,Lajo,PHP,18211,3/23/2019
596,Finlay,Siney,fsineygj@bbc.co.uk,Female,Philippines,Skyble,PHP,18186,10/29/2021
597,Cornie,Semper,csempergk@webs.com,Female,Indonesia,Skippad,PHP,14222,8/25/2020
598,Cecil,Carthew,ccarthewgl@csmonitor.com,Male,Greece,Agivu,C++,8291,11/25/2020
599,Sam,Ogborn,sogborngm@engadget.com,Female,Ukraine,Meembee,Python,16330,11/25/2020
600,Sigvard,Mathely,smathelygn@mlb.com,Male,Brazil,Yakidoo,Java,19989,5/23/2019
601,Nikolaos,Stefi,nstefigo@npr.org,Male,Czech Republic,Youspan,Java,17928,3/13/2019
602,Vyky,Spiniello,vspiniellogp@shop-pro.jp,Male,Brazil,Topicstorm,Python,18143,3/31/2021
603,Jobye,Phillpot,jphillpotgq@angelfire.com,Male,Philippines,Skajo,PHP,10302,7/28/2020
604,Zacherie,Hourihan,zhourihangr@indiatimes.com,Female,France,Skidoo,JavaScript,5302,10/15/2021
605,Darbee,Cotterrill,dcotterrillgs@blinklist.com,Female,United States,Leenti,Java,10192,4/16/2020
606,Keary,Ianniello,kianniellogt@cafepress.com,Female,Indonesia,Podcat,PHP,7433,5/15/2019
607,Sheri,Wethered,swetheredgu@joomla.org,Male,Czech Republic,Tazz,Java,7244,12/13/2019
608,Georgie,Goalley,ggoalleygv@jimdo.com,Male,China,Shuffletag,Python,9389,6/30/2019
609,Paulina,Sarvar,psarvargw@wikia.com,Female,Indonesia,Ainyx,C++,19551,10/26/2019
610,Axel,Hackney,ahackneygx@stanford.edu,Male,Russia,Rhyzio,JavaScript,9571,6/19/2020
611,Clare,Wiggam,cwiggamgy@mysql.com,Male,Philippines,Skyndu,Python,8779,4/29/2020
612,Iolande,O'Doghesty,iodoghestygz@cornell.edu,Male,Portugal,Meembee,Python,12282,2/23/2021
613,Wit,Folks,wfolksh0@mashable.com,Female,Brazil,Kanoodle,C#,7045,1/27/2020
614,Pauli,Thyng,pthyngh1@nih.gov,Male,Peru,Tavu,PHP,16044,9/17/2019
615,Ealasaid,Malan,emalanh2@cbslocal.com,Male,China,Gabtype,Java,14862,6/25/2020
616,Florence,Bromont,fbromonth3@tripod.com,Male,Brazil,Vinder,Java,15114,2/5/2019
617,Kiley,Whitham,kwhithamh4@msn.com,Male,Argentina,Dabfeed,JavaScript,15450,6/8/2021
618,Alisa,Sterre,asterreh5@themeforest.net,Male,Thailand,Agimba,Python,14375,7/16/2019
619,Kurtis,Emblem,kemblemh6@forbes.com,Female,China,Voolia,Java,14955,7/25/2019
620,Hadleigh,Tierney,htierneyh7@nba.com,Male,China,Yabox,PHP,14200,9/30/2020
621,Ezechiel,Sleicht,esleichth8@sina.com.cn,Female,Philippines,Roodel,Java,16553,4/11/2019
622,Justine,Meece,jmeeceh9@intel.com,Male,Indonesia,Flashpoint,JavaScript,18644,5/6/2021
623,Durant,Skirven,dskirvenha@jiathis.com,Female,Poland,Dynava,C#,5351,10/27/2019
624,Jay,Callinan,jcallinanhb@google.com,Female,Vietnam,Yata,Python,15504,11/28/2019
625,Rochell,Feragh,rferaghhc@cdc.gov,Male,Brazil,Photojam,C#,17927,9/4/2021
626,Fanya,Goulder,fgoulderhd@senate.gov,Female,Syria,Jaxbean,PHP,9144,6/18/2021
627,Reinaldos,Toke,rtokehe@netlog.com,Female,China,Abata,JavaScript,17817,6/15/2019
628,Gothart,Strapp,gstrapphf@dmoz.org,Female,Thailand,Zooveo,C#,9010,3/17/2020
629,Ray,Werrit,rwerrithg@ustream.tv,Male,Brazil,Skajo,Java,7646,11/17/2019
630,Tomasine,McCarlie,tmccarliehh@ebay.com,Male,Albania,Feedfire,JavaScript,5366,10/14/2021
631,Maxie,Edwicke,medwickehi@house.gov,Male,Ukraine,Oyoyo,Python,17312,10/2/2021
632,Germana,Illsley,gillsleyhj@51.la,Male,Indonesia,Linkbuzz,JavaScript,14016,11/2/2020
633,Constancy,Kohlerman,ckohlermanhk@theglobeandmail.com,Male,Bulgaria,Thoughtworks,Java,10583,6/27/2020
634,Jacobo,Maslin,jmaslinhl@tripod.com,Female,Hungary,Meejo,JavaScript,19825,9/15/2021
635,Dorena,Staining,dstaininghm@theatlantic.com,Female,United States,Oyoba,Python,12352,9/19/2019
636,Dana,Longland,dlonglandhn@clickbank.net,Male,Indonesia,Thoughtbridge,JavaScript,12202,3/10/2021
637,Windham,Londesborough,wlondesboroughho@aol.com,Female,Poland,Edgewire,C++,13846,12/14/2019
638,Way,Dishmon,wdishmonhp@usa.gov,Female,France,Youfeed,C#,8522,4/29/2019
639,Laina,Hayhow,lhayhowhq@army.mil,Female,China,Fiveclub,Java,12950,10/17/2021
640,Shannen,Dusting,sdustinghr@hhs.gov,Female,Guatemala,Skiptube,JavaScript,18037,11/16/2021
641,Bridgette,Elia,beliahs@unicef.org,Female,Guatemala,Skiptube,JavaScript,13696,8/10/2019
642,Charmion,Houson,chousonht@intel.com,Male,Indonesia,Zazio,PHP,19084,5/2/2021
643,Becki,Plowes,bploweshu@ebay.com,Male,China,Meetz,Java,17221,8/30/2021
644,Bartram,Duffill,bduffillhv@dyndns.org,Female,Bulgaria,Trilia,C++,8314,7/25/2021
645,Claybourne,Mateescu,cmateescuhw@nationalgeographic.com,Male,Croatia,Skyble,Java,10423,8/30/2020
646,Berky,Dovington,bdovingtonhx@cnet.com,Male,Canada,Skyvu,C#,14912,10/19/2021
647,Pauly,Jerred,pjerredhy@joomla.org,Female,Cameroon,Kwideo,PHP,17059,3/26/2021
648,Gonzalo,Mansfield,gmansfieldhz@themeforest.net,Female,China,Skyba,JavaScript,13769,6/26/2019
649,Sandor,Pester,spesteri0@yolasite.com,Female,Guatemala,Roodel,C++,18584,11/4/2021
650,Annaliese,Havill,ahavilli1@indiatimes.com,Male,Sweden,Dynabox,C++,18721,6/12/2020
651,Bernelle,Ivanchov,bivanchovi2@imdb.com,Female,Mexico,Yacero,Java,11296,2/25/2021
652,Major,Threlkeld,mthrelkeldi3@princeton.edu,Male,Canada,Dabfeed,Java,13034,3/13/2019
653,Sonia,Mertin,smertini4@google.de,Female,Indonesia,Skiptube,Java,16478,2/18/2021
654,Mable,Fever,mfeveri5@google.nl,Male,Indonesia,DabZ,JavaScript,17515,9/11/2021
655,Jacquette,Codron,jcodroni6@wired.com,Female,China,Pixoboo,JavaScript,16096,8/21/2020
656,Amargo,Maile,amailei7@cmu.edu,Male,China,Dynazzy,C#,15360,10/19/2020
657,Isidore,Coatts,icoattsi8@uol.com.br,Female,Zimbabwe,Zava,Python,14297,9/20/2021
658,Ewell,Peres,eperesi9@studiopress.com,Female,Portugal,Gigazoom,C#,16017,9/26/2019
659,Roldan,Mc Caughen,rmccaughenia@nyu.edu,Female,Ukraine,Zoonder,Java,15147,6/13/2021
660,Kameko,Conor,kconorib@economist.com,Female,China,Cogibox,PHP,16361,9/10/2020
661,Constantin,Lorman,clormanic@constantcontact.com,Female,Slovenia,Skipfire,Python,17836,10/25/2020
662,Francine,Janas,fjanasid@umn.edu,Male,Indonesia,Livetube,C#,17499,6/23/2020
663,Art,Kenafaque,akenafaqueie@si.edu,Female,Greece,Tagopia,Python,19087,5/10/2021
664,Modestia,Mapledoore,mmapledooreif@ed.gov,Male,Honduras,Kwilith,JavaScript,17152,2/27/2020
665,Malchy,Wormald,mwormaldig@com.com,Male,Venezuela,Yakitri,C++,5209,1/3/2020
666,Gaston,Degg,gdeggih@kickstarter.com,Male,Portugal,Zoomzone,JavaScript,7893,5/31/2020
667,Sasha,Meeron,smeeronii@vk.com,Female,Japan,Twitterlist,Java,18438,8/17/2019
668,Gaby,Foye,gfoyeij@nymag.com,Male,China,Yombu,Java,6623,6/26/2020
669,Karlotte,Bartolomeoni,kbartolomeoniik@example.com,Female,China,Divavu,Java,19405,1/3/2021
670,Berty,De Banke,bdebankeil@wsj.com,Male,Benin,Zoonder,Java,7291,6/7/2020
671,Haily,Fordy,hfordyim@mayoclinic.com,Male,Bosnia and Herzegovina,Ntag,C#,6063,3/7/2020
672,Nehemiah,Woffenden,nwoffendenin@canalblog.com,Female,China,Skidoo,Java,8132,8/18/2021
673,Fleur,Deakins,fdeakinsio@sun.com,Female,United States,Bluezoom,Python,15728,9/16/2020
674,Lark,Olekhov,lolekhovip@last.fm,Male,China,Skinix,C++,8109,9/16/2020
675,Vance,Bateman,vbatemaniq@free.fr,Male,Zambia,Gabtune,JavaScript,11464,10/10/2019
676,Eduard,MacDearmid,emacdearmidir@ucoz.ru,Male,Indonesia,Yoveo,JavaScript,19787,6/6/2021
677,Mitchell,Beels,mbeelsis@technorati.com,Female,Russia,Skilith,Python,10956,8/19/2020
678,Noel,Styant,nstyantit@google.it,Male,China,Eayo,PHP,13538,9/14/2019
679,Rebekkah,Yablsley,ryablsleyiu@amazon.co.jp,Female,Colombia,Topdrive,Java,11066,9/8/2019
680,Othilie,Drinkwater,odrinkwateriv@typepad.com,Male,Indonesia,Yotz,PHP,6141,2/1/2020
681,Amata,Biasioni,abiasioniiw@dell.com,Female,Pakistan,Skajo,JavaScript,10550,3/3/2019
682,Whit,Devonside,wdevonsideix@ucoz.com,Female,Indonesia,Dynabox,C++,18793,5/12/2019
683,Lila,Spurman,lspurmaniy@house.gov,Male,Belarus,Flipbug,JavaScript,7501,5/29/2019
684,Neila,Johnson,njohnsoniz@1688.com,Female,Japan,Yacero,JavaScript,19084,9/17/2021
685,Sterling,Cases,scasesj0@tiny.cc,Female,Sweden,Rhycero,Python,16249,12/28/2019
686,Christa,Critchlow,ccritchlowj1@redcross.org,Female,Brazil,Thoughtstorm,C++,18078,6/18/2021
687,Thoma,Henri,thenrij2@live.com,Female,Slovenia,BlogXS,PHP,17580,8/31/2020
688,Craggy,Jobern,cjobernj3@guardian.co.uk,Female,Czech Republic,Gabspot,JavaScript,15460,11/3/2021
689,Pietrek,Durrance,pdurrancej4@theglobeandmail.com,Male,France,Thoughtbeat,JavaScript,6418,11/10/2021
690,Malinde,MacAlees,mmacaleesj5@xing.com,Female,Japan,Jazzy,Python,10177,12/24/2020
691,Amandy,Drewery,adreweryj6@washington.edu,Female,Ukraine,Tagopia,Java,15732,9/14/2021
692,Dennie,Houliston,dhoulistonj7@newsvine.com,Female,Tanzania,Shuffletag,C#,16687,9/29/2021
693,Wendel,Bifield,wbifieldj8@gov.uk,Female,Japan,Feedspan,PHP,13430,3/5/2020
694,Aleta,Kopta,akoptaj9@si.edu,Male,Indonesia,Oodoo,PHP,11024,11/6/2020
695,Lilyan,Peregrine,lperegrineja@fotki.com,Female,Greece,Kamba,Python,6617,10/3/2021
696,Ryley,Moxley,rmoxleyjb@about.com,Male,South Korea,Flipbug,Java,13292,6/29/2021
697,Natividad,Matteini,nmatteinijc@wikipedia.org,Female,Kazakhstan,Quinu,Python,17733,8/23/2021
698,Goldarina,Westcott,gwestcottjd@liveinternet.ru,Female,Chad,Rhynoodle,Python,12675,5/17/2020
699,Brant,Mitham,bmithamje@ucoz.com,Female,Indonesia,Linklinks,Java,12201,10/21/2021
700,Sabrina,Thow,sthowjf@narod.ru,Male,Brazil,Centimia,C++,16337,5/13/2019
701,Hamid,Gierth,hgierthjg@dmoz.org,Female,United States,Kayveo,C++,10211,2/18/2020
702,Germayne,Prangnell,gprangnelljh@multiply.com,Male,Canada,Jabbersphere,Java,17908,11/21/2021
703,Kaiser,Constable,kconstableji@pen.io,Female,Germany,Mydeo,Java,12338,6/16/2019
704,Jenda,Smither,jsmitherjj@angelfire.com,Male,Japan,Geba,Python,15827,4/27/2020
705,Philis,MacChaell,pmacchaelljk@dailymail.co.uk,Male,Tanzania,Yotz,C#,16713,9/3/2019
706,Cory,Wattingham,cwattinghamjl@home.pl,Male,Philippines,Skinder,C++,13984,2/16/2020
707,Sandi,Giorgini,sgiorginijm@weibo.com,Female,Canada,Aibox,C++,7703,5/18/2021
708,Tanitansy,Levine,tlevinejn@si.edu,Female,Mexico,Gigashots,C#,19038,9/22/2021
709,Falkner,Shipley,fshipleyjo@google.com,Male,Greece,Topiclounge,C++,14126,2/3/2020
710,Melesa,Ghelardoni,mghelardonijp@mozilla.org,Female,Honduras,Zoonder,Java,10207,7/22/2021
711,Vivianna,Barlthrop,vbarlthropjq@smh.com.au,Male,Indonesia,Fivespan,Java,15761,4/2/2019
712,Gustaf,Espine,gespinejr@nps.gov,Female,Somalia,Flipstorm,C++,6410,5/3/2021
713,Emmalee,Willgoose,ewillgoosejs@wikia.com,Female,Japan,Gigaclub,Python,18519,1/21/2021
714,Marion,Mariner,mmarinerjt@lycos.com,Male,Russia,Oba,Python,13683,9/30/2021
715,Emalia,Ilson,eilsonju@tuttocitta.it,Male,Ecuador,Mydeo,Java,19445,5/11/2020
716,Esme,Lowdyane,elowdyanejv@noaa.gov,Male,China,Eazzy,JavaScript,19828,2/14/2020
717,Diannne,Dalmon,ddalmonjw@state.tx.us,Female,Dominican Republic,Kwideo,PHP,16783,4/17/2020
718,Chester,Stuck,cstuckjx@tinypic.com,Male,Philippines,Gevee,C++,15793,6/18/2020
719,Aeriel,Ditchfield,aditchfieldjy@springer.com,Female,Indonesia,Blogpad,C++,17522,3/3/2021
720,Calley,Warner,cwarnerjz@gravatar.com,Male,China,Jaxspan,PHP,7386,8/4/2019
721,Willyt,Goburn,wgoburnk0@usnews.com,Female,Portugal,Tagcat,PHP,11389,11/15/2021
722,Gasper,Scotsbrook,gscotsbrookk1@uol.com.br,Female,Philippines,Jaxspan,C++,15556,9/4/2021
723,Regine,Cranny,rcrannyk2@yellowbook.com,Female,Indonesia,Wikido,C#,12255,2/4/2021
724,Omar,Beverley,obeverleyk3@free.fr,Male,United States,Linkbuzz,Java,19649,2/14/2021
725,Elke,Ferrelli,eferrellik4@weibo.com,Female,Serbia,Tagchat,PHP,18306,4/29/2020
726,Rosmunda,Abelov,rabelovk5@people.com.cn,Female,Guatemala,Wordpedia,Java,18444,4/25/2021
727,Clair,Hearthfield,chearthfieldk6@disqus.com,Female,Croatia,Rhycero,C++,8201,8/8/2019
728,Zora,Metcalf,zmetcalfk7@who.int,Male,Greece,Feedfish,Python,10892,12/5/2020
729,Hasheem,Keningley,hkeningleyk8@cnet.com,Female,China,Skimia,C#,13023,2/14/2020
730,Lorette,Burgyn,lburgynk9@ibm.com,Female,Sweden,Pixope,JavaScript,15937,6/6/2019
731,Chlo,Thexton,cthextonka@rambler.ru,Male,Brazil,Jabbertype,C++,12183,12/3/2019
732,Giorgio,Faucett,gfaucettkb@i2i.jp,Female,Czech Republic,Eire,Python,10556,3/24/2020
733,Rozanna,Runham,rrunhamkc@last.fm,Female,Serbia,Quinu,Python,18005,7/25/2020
734,Godfry,Gounot,ggounotkd@seesaa.net,Male,China,Rhybox,PHP,7733,12/16/2020
735,Kaja,Brannigan,kbranniganke@hhs.gov,Male,Portugal,Mydeo,JavaScript,13711,8/26/2020
736,Sergei,Lepope,slepopekf@icq.com,Female,Somalia,Photobean,Java,8645,4/14/2020
737,Maybelle,Surman,msurmankg@sitemeter.com,Female,China,Brightdog,C++,11569,6/20/2020
738,Taryn,Ginglell,tginglellkh@discovery.com,Female,Japan,Wikibox,PHP,19379,2/7/2020
739,Galvin,Upstell,gupstellki@ifeng.com,Female,Azerbaijan,Jetwire,Python,18058,7/15/2019
740,Sandi,Abotson,sabotsonkj@sciencedirect.com,Female,Democratic Republic of the Congo,InnoZ,Java,13973,5/14/2021
741,Hayward,Schroder,hschroderkk@youtube.com,Male,Colombia,Skinte,C++,11375,6/27/2019
742,Pat,Gready,pgreadykl@umich.edu,Female,Greece,Roomm,Java,13164,11/7/2019
743,Tate,Choke,tchokekm@unesco.org,Male,Malaysia,Kwilith,C#,13682,6/23/2021
744,Kenyon,Schoffler,kschofflerkn@yellowpages.com,Female,Samoa,Minyx,Python,13811,8/15/2021
745,Bili,Murrigan,bmurriganko@rakuten.co.jp,Female,Thailand,Dabvine,C#,7788,3/23/2020
746,Sydney,Shropsheir,sshropsheirkp@microsoft.com,Male,Peru,Youtags,JavaScript,9323,4/26/2021
747,Merwin,Knowlson,mknowlsonkq@github.io,Male,Sweden,Quamba,PHP,14666,2/7/2021
748,Alecia,Horche,ahorchekr@un.org,Male,Brazil,Jabbersphere,PHP,16456,12/21/2019
749,Jasmin,Ovenden,jovendenks@skyrock.com,Female,Poland,Skimia,C++,19219,6/3/2019
750,Krissy,Malecky,kmaleckykt@examiner.com,Male,Japan,Wikido,PHP,19119,6/3/2021
751,Dinah,Finlow,dfinlowku@yellowpages.com,Male,Brazil,Photobug,PHP,6060,5/7/2019
752,Sayers,Gillings,sgillingskv@sourceforge.net,Female,Poland,Blogspan,PHP,17610,3/31/2020
753,Zackariah,Neem,zneemkw@mapy.cz,Female,Poland,Leenti,Python,6730,12/5/2019
754,Noami,Pople,npoplekx@dailymotion.com,Female,Spain,Photobean,Java,12076,6/15/2021
755,Gilli,Cantero,gcanteroky@ezinearticles.com,Female,Nigeria,Meemm,Python,14699,8/13/2021
756,Moselle,Buesnel,mbuesnelkz@hao123.com,Female,China,Skidoo,C++,10729,8/22/2021
757,Winny,Rollinson,wrollinsonl0@nps.gov,Male,Peru,Meembee,Python,5608,11/10/2020
758,Fran,Neilan,fneilanl1@europa.eu,Male,Poland,InnoZ,Java,18652,4/15/2020
759,Kristan,Knighton,kknightonl2@google.com.br,Female,Lithuania,Chatterpoint,Java,8193,7/23/2021
760,Ashbey,Gronous,agronousl3@dedecms.com,Male,Sweden,Browsedrive,JavaScript,12054,6/19/2019
761,Darda,Coye,dcoyel4@ucoz.ru,Female,China,Twinder,Python,6926,8/16/2019
762,Daron,Gamage,dgamagel5@altervista.org,Male,China,Edgeblab,PHP,11234,9/30/2021
763,Stacia,Coen,scoenl6@ebay.co.uk,Female,Russia,Snaptags,Python,6472,4/5/2020
764,Cristiano,Garling,cgarlingl7@webnode.com,Male,China,Blogpad,JavaScript,19581,4/1/2019
765,Dorene,Cathel,dcathell8@ycombinator.com,Female,Ukraine,Camido,Python,10409,12/11/2020
766,Sayres,Hearfield,shearfieldl9@macromedia.com,Male,China,Trudoo,Java,8427,12/4/2019
767,Philippa,Blose,pblosela@histats.com,Male,Brazil,Voonte,PHP,8084,3/17/2019
768,Ofella,Dzenisenka,odzenisenkalb@tripod.com,Male,Mongolia,Meetz,PHP,10769,3/6/2019
769,Eric,Fulger,efulgerlc@lulu.com,Male,Colombia,Livetube,C#,16560,10/20/2021
770,Cecil,Glison,cglisonld@chronoengine.com,Male,Indonesia,Brightdog,C++,14151,6/20/2020
771,Kerby,Hrinishin,khrinishinle@epa.gov,Female,Norway,Ntag,Python,12000,12/25/2019
772,Garnette,Keslake,gkeslakelf@google.com.hk,Female,United States,Jabbercube,Python,10375,7/10/2020
773,Tann,Norsister,tnorsisterlg@sohu.com,Female,Thailand,Gabspot,Python,5395,5/3/2021
774,Mathian,Potbury,mpotburylh@bloomberg.com,Female,China,Yombu,Python,14667,2/27/2019
775,Bernelle,Jahncke,bjahnckeli@purevolume.com,Female,China,Leenti,Python,8584,8/21/2021
776,Rivalee,Dafydd,rdafyddlj@bluehost.com,Female,Egypt,Meezzy,JavaScript,7848,2/19/2021
777,Dannie,Hawkslee,dhawksleelk@google.es,Male,Russia,Meezzy,Python,6637,1/10/2021
778,Gloria,Kingaby,gkingabyll@cmu.edu,Female,United States,Divanoodle,Java,11827,10/18/2021
779,Stevana,Brierton,sbriertonlm@amazon.com,Female,Philippines,Demizz,Python,6451,12/5/2019
780,Christel,Vina,cvinaln@youku.com,Male,Indonesia,Dynava,C++,5651,3/30/2021
781,James,Gwinnel,jgwinnello@chron.com,Female,Ukraine,Yozio,Java,8132,10/20/2021
782,Rubie,Burne,rburnelp@mlb.com,Male,China,Eazzy,JavaScript,10187,7/7/2020
783,Corella,Lowey,cloweylq@toplist.cz,Male,Philippines,Voonte,C#,12620,1/23/2020
784,Saxon,Hlavac,shlavaclr@digg.com,Male,China,Eadel,Python,14535,8/11/2021
785,Jennine,Strasse,jstrassels@bloglovin.com,Male,Czech Republic,Cogibox,Python,10107,5/23/2021
786,Dodi,Waistell,dwaistelllt@washington.edu,Male,Indonesia,Eayo,Python,6105,9/26/2021
787,Blakelee,Rooson,broosonlu@51.la,Male,China,Twimbo,PHP,19253,11/14/2021
788,Calvin,Abele,cabelelv@yolasite.com,Female,Japan,Yakitri,C#,17677,3/14/2020
789,Ulric,Jales,ujaleslw@fema.gov,Female,Maldives,Rhybox,JavaScript,9277,8/18/2021
790,Boyd,Devonish,bdevonishlx@shinystat.com,Male,Russia,Teklist,C#,12433,5/6/2021
791,Delmore,Croughan,dcroughanly@hexun.com,Female,Poland,Voolia,Java,16103,4/13/2020
792,Amanda,Boerder,aboerderlz@indiatimes.com,Female,China,Roomm,JavaScript,16181,9/18/2019
793,Meir,Stihl,mstihlm0@themeforest.net,Male,China,Flashdog,JavaScript,19901,8/5/2021
794,Mariam,Rowler,mrowlerm1@ted.com,Female,Poland,Kwideo,Python,13495,4/20/2020
795,Clari,Kimblen,ckimblenm2@hubpages.com,Female,China,Eire,Java,16320,3/19/2019
796,Waly,Horburgh,whorburghm3@mozilla.org,Male,China,Twitterworks,PHP,8261,3/19/2020
797,Aloin,MacKee,amackeem4@disqus.com,Female,China,Yakijo,PHP,13869,6/19/2019
798,Robert,Ballinghall,rballinghallm5@multiply.com,Female,Myanmar,Gigazoom,PHP,14862,10/9/2021
799,Jany,Fowley,jfowleym6@google.es,Female,United States,Rhyloo,PHP,14953,2/26/2021
800,Tymon,Kettoe,tkettoem7@bloglines.com,Female,Philippines,Meemm,C#,8179,5/17/2021
801,Bondon,Blues,bbluesm8@oakley.com,Male,China,Twitterbridge,C#,17350,8/28/2020
802,Torrie,Pessold,tpessoldm9@joomla.org,Female,Philippines,Feedfire,C#,11691,11/2/2019
803,Gloriane,Whitley,gwhitleyma@whitehouse.gov,Female,Malawi,Thoughtblab,JavaScript,17957,12/16/2019
804,Eward,MacCoughan,emaccoughanmb@marketwatch.com,Male,China,Miboo,PHP,9729,4/4/2020
805,Osborn,Jell,ojellmc@cocolog-nifty.com,Male,Sudan,Thoughtsphere,C#,17788,10/3/2020
806,Dorelle,Coats,dcoatsmd@feedburner.com,Female,Philippines,Roombo,C++,15030,10/18/2019
807,Rollie,Spellacey,rspellaceyme@eepurl.com,Male,Vietnam,Katz,Java,6457,7/18/2021
808,Graeme,Mitchel,gmitchelmf@4shared.com,Female,Comoros,Kazio,C++,5561,7/13/2021
809,Emlen,Batts,ebattsmg@dailymotion.com,Female,China,Trudeo,Java,16227,5/7/2021
810,Alden,Crossthwaite,acrossthwaitemh@go.com,Female,China,Wikizz,Java,8813,11/9/2020
811,Mickey,Stienham,mstienhammi@ed.gov,Female,Russia,Blognation,Python,14991,3/16/2020
812,Winne,Erdis,werdismj@youtu.be,Male,Indonesia,Dazzlesphere,C++,8028,11/12/2020
813,Lorrie,Witcomb,lwitcombmk@comsenz.com,Female,Sweden,Zoozzy,Java,13840,11/5/2021
814,Karlotta,Beedell,kbeedellml@ifeng.com,Female,Philippines,Tekfly,C++,10609,3/4/2019
815,Adina,Fretter,afrettermm@tripod.com,Male,Egypt,Centizu,C#,19194,7/6/2021
816,Sibeal,Tanby,stanbymn@businessweek.com,Female,China,Plajo,C#,11923,10/1/2020
817,Fredia,Leas,fleasmo@hubpages.com,Male,Belarus,Gabtype,Python,17612,2/27/2019
818,Herold,Breacher,hbreachermp@disqus.com,Male,China,Centidel,C#,12467,3/18/2020
819,Norean,Jacmard,njacmardmq@seattletimes.com,Male,Indonesia,Rhynoodle,JavaScript,8335,8/20/2021
820,Constance,Galpen,cgalpenmr@dedecms.com,Female,Ireland,Quinu,PHP,5374,11/25/2021
821,Ellis,Shills,eshillsms@webnode.com,Female,China,Cogibox,C++,13288,3/12/2021
822,Georas,Cornier,gcorniermt@nasa.gov,Female,Poland,Yodoo,Python,16512,4/18/2020
823,Louise,Hove,lhovemu@exblog.jp,Male,United States,Topicstorm,JavaScript,16236,6/30/2020
824,Mitchael,Hallt,mhalltmv@freewebs.com,Female,Brazil,Ailane,Python,8984,10/10/2020
825,Hilton,Bonevant,hbonevantmw@tumblr.com,Female,China,Shuffletag,C++,15146,4/13/2021
826,Margalit,Tod,mtodmx@cbsnews.com,Male,Philippines,Yacero,JavaScript,12136,9/26/2019
827,Angus,Ondracek,aondracekmy@youtube.com,Male,Japan,Shufflebeat,C++,7726,7/4/2019
828,Marwin,Seacombe,mseacombemz@joomla.org,Female,Thailand,Oloo,JavaScript,18086,4/29/2019
829,Elsy,Marryatt,emarryattn0@dell.com,Male,Indonesia,Feedspan,C#,12609,6/29/2021
830,Michaelina,Sissel,msisseln1@tripadvisor.com,Male,Philippines,Kamba,Python,6201,9/10/2021
831,Elspeth,Sear,esearn2@liveinternet.ru,Male,Russia,Devbug,C#,18203,3/15/2021
832,Shaw,Sighart,ssighartn3@goo.ne.jp,Female,Belarus,Jayo,Java,5142,2/17/2020
833,Carlita,Heaslip,cheaslipn4@noaa.gov,Male,Nigeria,Photospace,JavaScript,19523,1/12/2020
834,Elisha,Burdoun,eburdounn5@jigsy.com,Female,United States,Photolist,C#,7808,8/8/2021
835,Madeline,Peartree,mpeartreen6@live.com,Female,China,Dynabox,C++,5293,12/20/2019
836,Ralina,Hymers,rhymersn7@blog.com,Male,Greece,Twitterlist,C#,15221,9/26/2021
837,Lea,Berzins,lberzinsn8@1688.com,Female,China,Yacero,PHP,15873,10/13/2021
838,Georgeta,Limpricht,glimprichtn9@myspace.com,Female,Indonesia,Quatz,C#,8359,5/6/2021
839,Allianora,Pieche,apiechena@prnewswire.com,Female,Burundi,Npath,Python,12673,12/23/2020
840,Amity,Hammill,ahammillnb@cnn.com,Male,Lebanon,Vipe,Java,16123,4/19/2019
841,Mercy,Beatey,mbeateync@statcounter.com,Female,Moldova,Gabcube,C#,19643,8/28/2021
842,Agna,McGraw,amcgrawnd@posterous.com,Male,China,Brainbox,JavaScript,10743,5/27/2021
843,Vida,Greenlies,vgreenliesne@google.co.jp,Female,Indonesia,Babbleblab,JavaScript,18041,6/9/2020
844,Arthur,Meco,ameconf@rediff.com,Male,Albania,Photojam,C++,9028,11/15/2019
845,Minda,Tabart,mtabartng@reverbnation.com,Male,China,Jaxbean,JavaScript,18183,5/1/2019
846,Teresita,Denziloe,tdenziloenh@mlb.com,Female,Indonesia,Abatz,Python,14491,11/23/2019
847,Nathan,Lamperd,nlamperdni@ucoz.ru,Female,Indonesia,Feedspan,JavaScript,16717,2/20/2019
848,Melamie,Bottom,mbottomnj@bloomberg.com,Female,Colombia,Bubblemix,Java,13511,8/14/2020
849,Shayna,Hatherill,shatherillnk@moonfruit.com,Male,Russia,Thoughtsphere,Java,15515,11/2/2021
850,Benny,Prantoni,bprantoninl@desdev.cn,Female,Indonesia,Centimia,JavaScript,17174,9/10/2021
851,Aleece,Lavell,alavellnm@fema.gov,Female,China,Feedspan,PHP,15426,6/4/2021
852,Trista,Birds,tbirdsnn@cdc.gov,Male,Japan,Oodoo,Python,6184,9/29/2019
853,Lennie,Axcell,laxcellno@wikimedia.org,Female,Philippines,Dynava,Java,10239,8/9/2020
854,Lane,Force,lforcenp@github.com,Female,China,Mydo,JavaScript,16122,7/27/2020
855,Tanhya,Ubach,tubachnq@yellowpages.com,Male,Italy,Vidoo,Java,8408,10/8/2019
856,Isaiah,Ochterlony,iochterlonynr@engadget.com,Female,China,Oozz,JavaScript,19435,2/21/2021
857,Becka,Boughey,bbougheyns@nifty.com,Female,Indonesia,Blogpad,Java,15906,3/31/2020
858,Yoko,Blaschek,yblascheknt@flavors.me,Male,Poland,Rhycero,JavaScript,5907,8/21/2019
859,Lib,Forrest,lforrestnu@pen.io,Female,China,Devcast,Python,14067,12/10/2020
860,Henryetta,Gibbe,hgibbenv@photobucket.com,Male,China,Yacero,PHP,9162,3/1/2020
861,Barnabas,Jolley,bjolleynw@stanford.edu,Female,Brazil,Voolia,PHP,5079,6/29/2020
862,Warde,Caulliere,wcaullierenx@msu.edu,Female,Indonesia,Meembee,C++,9688,2/10/2020
863,Rockie,Gilderoy,rgilderoyny@google.ca,Male,Philippines,Linkbuzz,PHP,9953,8/29/2020
864,Salim,Lilleman,slillemannz@godaddy.com,Male,Macedonia,Oyoba,Java,14048,3/25/2021
865,Shanna,Raikes,sraikeso0@apache.org,Male,Indonesia,Zoomzone,C++,15881,10/27/2020
866,Eustace,Gillett,egilletto1@about.com,Male,Colombia,Zoomcast,C#,18812,10/26/2021
867,Baron,Follacaro,bfollacaroo2@i2i.jp,Male,China,Brainsphere,C#,7223,3/2/2021
868,Perla,Brahan,pbrahano3@ning.com,Female,Poland,Lazzy,JavaScript,11835,3/16/2021
869,Vere,Rann,vranno4@yolasite.com,Female,China,JumpXS,Python,7392,5/17/2021
870,Wye,Gething,wgethingo5@nymag.com,Male,Morocco,Mydeo,C#,11131,10/5/2020
871,Orelie,Terran,oterrano6@amazon.com,Male,Moldova,Topdrive,PHP,6302,7/17/2019
872,Jackie,Spire,jspireo7@utexas.edu,Female,Indonesia,Youopia,Java,9124,3/27/2021
873,Brigitta,Vlasenko,bvlasenkoo8@blogtalkradio.com,Female,Vietnam,Zoonder,C#,11707,6/25/2020
874,Bonnee,Hadingham,bhadinghamo9@cornell.edu,Male,Poland,Youspan,C++,14643,2/4/2019
875,Antonietta,Grugerr,agrugerroa@xing.com,Female,Indonesia,Linkbridge,JavaScript,10746,10/24/2019
876,Bern,McGillacoell,bmcgillacoellob@washington.edu,Female,Poland,Browsecat,Python,7928,8/4/2019
877,Annemarie,Soppett,asoppettoc@ifeng.com,Female,China,Meemm,Java,5372,4/8/2020
878,Zuzana,Della Scala,zdellascalaod@cbslocal.com,Female,Colombia,Aibox,Java,12013,5/12/2019
879,Gerty,Veljes,gveljesoe@apple.com,Male,China,Yodel,C++,16655,10/17/2021
880,Gradey,Amori,gamoriof@jimdo.com,Male,Eritrea,Topiczoom,PHP,6988,4/21/2019
881,Druci,Linde,dlindeog@yandex.ru,Female,Malawi,Leexo,C#,16949,6/29/2019
882,Talyah,Rosiello,trosiellooh@theatlantic.com,Female,Indonesia,Jetpulse,Java,15921,9/10/2021
883,Fedora,Kusick,fkusickoi@google.de,Female,Indonesia,Gabtune,C#,15344,5/28/2019
884,Emanuele,Trainer,etraineroj@earthlink.net,Female,China,Thoughtmix,JavaScript,7716,12/11/2020
885,Roselia,McIlwaine,rmcilwaineok@mtv.com,Female,Indonesia,Quatz,PHP,13002,10/26/2021
886,Ignatius,Zmitrichenko,izmitrichenkool@simplemachines.org,Female,China,Zooxo,Python,18168,12/7/2019
887,Avictor,Kemme,akemmeom@ovh.net,Female,Tunisia,Jaloo,C++,12707,7/28/2020
888,Godart,Petracco,gpetraccoon@omniture.com,Female,China,Jamia,C#,18234,7/1/2021
889,Rebekah,Dunkerton,rdunkertonoo@purevolume.com,Male,Indonesia,Einti,PHP,9867,4/12/2020
890,Rod,Hovington,rhovingtonop@google.ca,Male,Ukraine,Trudoo,Java,9146,6/15/2020
891,Aurelie,Coulsen,acoulsenoq@studiopress.com,Female,Brazil,Quinu,JavaScript,19292,11/6/2019
892,Caitrin,Slemming,cslemmingor@jugem.jp,Female,China,Babbleset,JavaScript,13166,7/12/2021
893,Vin,Parlatt,vparlattos@dion.ne.jp,Female,Bangladesh,Jaxspan,Python,5426,3/20/2020
894,Callie,Allicock,callicockot@nymag.com,Female,China,Kwideo,PHP,10119,2/26/2020
895,Malchy,Janic,mjanicou@prlog.org,Male,Mexico,Plajo,C#,10238,2/25/2021
896,Merci,Yurkov,myurkovov@discovery.com,Male,Bosnia and Herzegovina,Skajo,JavaScript,5243,11/15/2021
897,Kristian,Roxby,kroxbyow@home.pl,Male,China,Gabcube,C++,16372,3/9/2021
898,Jaclyn,Arderne,jarderneox@yellowbook.com,Male,Portugal,Oba,JavaScript,5394,3/22/2020
899,Cindi,Chazier,cchazieroy@foxnews.com,Male,Indonesia,Jayo,Python,9412,9/18/2020
900,Malena,Smees,msmeesoz@nature.com,Male,China,Wikizz,C++,6396,3/23/2019
